Workbook

Sheet Summary
A1: Zero Dose Digitization – District Follow-up Summary
A2: SNID Sept 2026 · IDIMS comparison report of 09-Oct-2026 · compared with SNID May 2026 (22-Jun-2026) · generated 09-Oct-2026 17:43
A4: District | B4: UCs | C4: ZD Reported | D4: ZD Linelist | E4: Completion % | F4: Children to enter | G4: P1 No entries | H4: P2 Critical | I4: P3 Verify | J4: P4 Low | K4: Total follow-ups | L4: Done (from status) | M4: May completion % | N4: Change (pts) | O4: Persistent low | P4: Newly declined | Q4: Recovered
A5: BANNU | B5: =COUNTIF('All UCs'!$B:$B,A5) -> 57 | C5: =SUMIF('All UCs'!$B:$B,A5,'All UCs'!$F:$F) -> 4205 | D5: =SUMIF('All UCs'!$B:$B,A5,'All UCs'!$G:$G) -> 3747 | E5: =IF(C5>0,D5/C5,0) -> 0.89108205 | F5: =SUMIF('All Follow-ups'!$A:$A,A5,'All Follow-ups'!$I:$I) -> 748 | G5: =COUNTIFS('All Follow-ups'!$A:$A,A5,'All Follow-ups'!$B:$B,"P1*") -> 4 | H5: =COUNTIFS('All Follow-ups'!$A:$A,A5,'All Follow-ups'!$B:$B,"P2*") -> 0 | I5: =COUNTIFS('All Follow-ups'!$A:$A,A5,'All Follow-ups'!$B:$B,"P3*") -> 9 | J5: =COUNTIFS('All Follow-ups'!$A:$A,A5,'All Follow-ups'!$B:$B,"P4*") -> 10 | K5: =SUM(G5:J5) -> 23 | L5: =COUNTIF('BANNU'!$O:$O,"Done") -> 0 | M5: =IFERROR(SUMIF('All UCs'!$B:$B,A5,'All UCs'!$L:$L)/SUMIF('All UCs'!$B:$B,A5,'All UCs'!$K:$K),0) -> 0.74135021 | N5: =(E5-M5)*100 -> 14.973183 | O5: =COUNTIFS('All UCs'!$B:$B,A5,'All UCs'!$O:$O,"Persistent low") -> 5 | P5: =COUNTIFS('All UCs'!$B:$B,A5,'All UCs'!$O:$O,"Newly declined") -> 9 | Q5: =COUNTIFS('All UCs'!$B:$B,A5,'All UCs'!$O:$O,"Recovered") -> 14
A6: TANK | B6: =COUNTIF('All UCs'!$B:$B,A6) -> 22 | C6: =SUMIF('All UCs'!$B:$B,A6,'All UCs'!$F:$F) -> 967 | D6: =SUMIF('All UCs'!$B:$B,A6,'All UCs'!$G:$G) -> 871 | E6: =IF(C6>0,D6/C6,0) -> 0.90072389 | F6: =SUMIF('All Follow-ups'!$A:$A,A6,'All Follow-ups'!$I:$I) -> 150 | G6: =COUNTIFS('All Follow-ups'!$A:$A,A6,'All Follow-ups'!$B:$B,"P1*") -> 3 | H6: =COUNTIFS('All Follow-ups'!$A:$A,A6,'All Follow-ups'!$B:$B,"P2*") -> 1 | I6: =COUNTIFS('All Follow-ups'!$A:$A,A6,'All Follow-ups'!$B:$B,"P3*") -> 1 | J6: =COUNTIFS('All Follow-ups'!$A:$A,A6,'All Follow-ups'!$B:$B,"P4*") -> 2 | K6: =SUM(G6:J6) -> 7 | L6: =COUNTIF('TANK'!$O:$O,"Done") -> 0 | M6: =IFERROR(SUMIF('All UCs'!$B:$B,A6,'All UCs'!$L:$L)/SUMIF('All UCs'!$B:$B,A6,'All UCs'!$K:$K),0) -> 0.97841727 | N6: =(E6-M6)*100 -> -7.7693378 | O6: =COUNTIFS('All UCs'!$B:$B,A6,'All UCs'!$O:$O,"Persistent low") -> 0 | P6: =COUNTIFS('All UCs'!$B:$B,A6,'All UCs'!$O:$O,"Newly declined") -> 6 | Q6: =COUNTIFS('All UCs'!$B:$B,A6,'All UCs'!$O:$O,"Recovered") -> 2
A7: WAZIR-S Lower | B7: =COUNTIF('All UCs'!$B:$B,A7) -> 36 | C7: =SUMIF('All UCs'!$B:$B,A7,'All UCs'!$F:$F) -> 572 | D7: =SUMIF('All UCs'!$B:$B,A7,'All UCs'!$G:$G) -> 517 | E7: =IF(C7>0,D7/C7,0) -> 0.90384615 | F7: =SUMIF('All Follow-ups'!$A:$A,A7,'All Follow-ups'!$I:$I) -> 112 | G7: =COUNTIFS('All Follow-ups'!$A:$A,A7,'All Follow-ups'!$B:$B,"P1*") -> 6 | H7: =COUNTIFS('All Follow-ups'!$A:$A,A7,'All Follow-ups'!$B:$B,"P2*") -> 0 | I7: =COUNTIFS('All Follow-ups'!$A:$A,A7,'All Follow-ups'!$B:$B,"P3*") -> 11 | J7: =COUNTIFS('All Follow-ups'!$A:$A,A7,'All Follow-ups'!$B:$B,"P4*") -> 3 | K7: =SUM(G7:J7) -> 20 | L7: =COUNTIF('WAZIR-S Lower'!$O:$O,"Done") -> 0 | M7: =IFERROR(SUMIF('All UCs'!$B:$B,A7,'All UCs'!$L:$L)/SUMIF('All UCs'!$B:$B,A7,'All UCs'!$K:$K),0) -> 0.99425287 | N7: =(E7-M7)*100 -> -9.040672 | O7: =COUNTIFS('All UCs'!$B:$B,A7,'All UCs'!$O:$O,"Persistent low") -> 2 | P7: =COUNTIFS('All UCs'!$B:$B,A7,'All UCs'!$O:$O,"Newly declined") -> 7 | Q7: =COUNTIFS('All UCs'!$B:$B,A7,'All UCs'!$O:$O,"Recovered") -> 1
A8: PESHAWAR | B8: =COUNTIF('All UCs'!$B:$B,A8) -> 103 | C8: =SUMIF('All UCs'!$B:$B,A8,'All UCs'!$F:$F) -> 13547 | D8: =SUMIF('All UCs'!$B:$B,A8,'All UCs'!$G:$G) -> 12681 | E8: =IF(C8>0,D8/C8,0) -> 0.93607441 | F8: =SUMIF('All Follow-ups'!$A:$A,A8,'All Follow-ups'!$I:$I) -> 1010 | G8: =COUNTIFS('All Follow-ups'!$A:$A,A8,'All Follow-ups'!$B:$B,"P1*") -> 5 | H8: =COUNTIFS('All Follow-ups'!$A:$A,A8,'All Follow-ups'!$B:$B,"P2*") -> 0 | I8: =COUNTIFS('All Follow-ups'!$A:$A,A8,'All Follow-ups'!$B:$B,"P3*") -> 4 | J8: =COUNTIFS('All Follow-ups'!$A:$A,A8,'All Follow-ups'!$B:$B,"P4*") -> 7 | K8: =SUM(G8:J8) -> 16 | L8: =COUNTIF('PESHAWAR'!$O:$O,"Done") -> 0 | M8: =IFERROR(SUMIF('All UCs'!$B:$B,A8,'All UCs'!$L:$L)/SUMIF('All UCs'!$B:$B,A8,'All UCs'!$K:$K),0) -> 0.47366846 | N8: =(E8-M8)*100 -> 46.240595 | O8: =COUNTIFS('All UCs'!$B:$B,A8,'All UCs'!$O:$O,"Persistent low") -> 9 | P8: =COUNTIFS('All UCs'!$B:$B,A8,'All UCs'!$O:$O,"Newly declined") -> 3 | Q8: =COUNTIFS('All UCs'!$B:$B,A8,'All UCs'!$O:$O,"Recovered") -> 72
A9: DIKHAN | B9: =COUNTIF('All UCs'!$B:$B,A9) -> 53 | C9: =SUMIF('All UCs'!$B:$B,A9,'All UCs'!$F:$F) -> 5284 | D9: =SUMIF('All UCs'!$B:$B,A9,'All UCs'!$G:$G) -> 5010 | E9: =IF(C9>0,D9/C9,0) -> 0.94814534 | F9: =SUMIF('All Follow-ups'!$A:$A,A9,'All Follow-ups'!$I:$I) -> 247 | G9: =COUNTIFS('All Follow-ups'!$A:$A,A9,'All Follow-ups'!$B:$B,"P1*") -> 2 | H9: =COUNTIFS('All Follow-ups'!$A:$A,A9,'All Follow-ups'!$B:$B,"P2*") -> 2 | I9: =COUNTIFS('All Follow-ups'!$A:$A,A9,'All Follow-ups'!$B:$B,"P3*") -> 3 | J9: =COUNTIFS('All Follow-ups'!$A:$A,A9,'All Follow-ups'!$B:$B,"P4*") -> 5 | K9: =SUM(G9:J9) -> 12 | L9: =COUNTIF('DIKHAN'!$O:$O,"Done") -> 0 | M9: =IFERROR(SUMIF('All UCs'!$B:$B,A9,'All UCs'!$L:$L)/SUMIF('All UCs'!$B:$B,A9,'All UCs'!$K:$K),0) -> 0.89848653 | N9: =(E9-M9)*100 -> 4.9658818 | O9: =COUNTIFS('All UCs'!$B:$B,A9,'All UCs'!$O:$O,"Persistent low") -> 3 | P9: =COUNTIFS('All UCs'!$B:$B,A9,'All UCs'!$O:$O,"Newly declined") -> 6 | Q9: =COUNTIFS('All UCs'!$B:$B,A9,'All UCs'!$O:$O,"Recovered") -> 7
A10: LAKKIMRWT | B10: =COUNTIF('All UCs'!$B:$B,A10) -> 40 | C10: =SUMIF('All UCs'!$B:$B,A10,'All UCs'!$F:$F) -> 4555 | D10: =SUMIF('All UCs'!$B:$B,A10,'All UCs'!$G:$G) -> 4560 | E10: =IF(C10>0,D10/C10,0) -> 1.0010977 | F10: =SUMIF('All Follow-ups'!$A:$A,A10,'All Follow-ups'!$I:$I) -> 139 | G10: =COUNTIFS('All Follow-ups'!$A:$A,A10,'All Follow-ups'!$B:$B,"P1*") -> 0 | H10: =COUNTIFS('All Follow-ups'!$A:$A,A10,'All Follow-ups'!$B:$B,"P2*") -> 0 | I10: =COUNTIFS('All Follow-ups'!$A:$A,A10,'All Follow-ups'!$B:$B,"P3*") -> 5 | J10: =COUNTIFS('All Follow-ups'!$A:$A,A10,'All Follow-ups'!$B:$B,"P4*") -> 5 | K10: =SUM(G10:J10) -> 10 | L10: =COUNTIF('LAKKIMRWT'!$O:$O,"Done") -> 0 | M10: =IFERROR(SUMIF('All UCs'!$B:$B,A10,'All UCs'!$L:$L)/SUMIF('All UCs'!$B:$B,A10,'All UCs'!$K:$K),0) -> 1 | N10: =(E10-M10)*100 -> 0.10976948 | O10: =COUNTIFS('All UCs'!$B:$B,A10,'All UCs'!$O:$O,"Persistent low") -> 0 | P10: =COUNTIFS('All UCs'!$B:$B,A10,'All UCs'!$O:$O,"Newly declined") -> 5 | Q10: =COUNTIFS('All UCs'!$B:$B,A10,'All UCs'!$O:$O,"Recovered") -> 0
A11: KHYBER | B11: =COUNTIF('All UCs'!$B:$B,A11) -> 53 | C11: =SUMIF('All UCs'!$B:$B,A11,'All UCs'!$F:$F) -> 1850 | D11: =SUMIF('All UCs'!$B:$B,A11,'All UCs'!$G:$G) -> 1863 | E11: =IF(C11>0,D11/C11,0) -> 1.007027 | F11: =SUMIF('All Follow-ups'!$A:$A,A11,'All Follow-ups'!$I:$I) -> 35 | G11: =COUNTIFS('All Follow-ups'!$A:$A,A11,'All Follow-ups'!$B:$B,"P1*") -> 1 | H11: =COUNTIFS('All Follow-ups'!$A:$A,A11,'All Follow-ups'!$B:$B,"P2*") -> 0 | I11: =COUNTIFS('All Follow-ups'!$A:$A,A11,'All Follow-ups'!$B:$B,"P3*") -> 6 | J11: =COUNTIFS('All Follow-ups'!$A:$A,A11,'All Follow-ups'!$B:$B,"P4*") -> 2 | K11: =SUM(G11:J11) -> 9 | L11: =COUNTIF('KHYBER'!$O:$O,"Done") -> 0 | M11: =IFERROR(SUMIF('All UCs'!$B:$B,A11,'All UCs'!$L:$L)/SUMIF('All UCs'!$B:$B,A11,'All UCs'!$K:$K),0) -> 0.9212766 | N11: =(E11-M11)*100 -> 8.5750431 | O11: =COUNTIFS('All UCs'!$B:$B,A11,'All UCs'!$O:$O,"Persistent low") -> 0 | P11: =COUNTIFS('All UCs'!$B:$B,A11,'All UCs'!$O:$O,"Newly declined") -> 3 | Q11: =COUNTIFS('All UCs'!$B:$B,A11,'All UCs'!$O:$O,"Recovered") -> 5
A12: WAZIR-N | B12: =COUNTIF('All UCs'!$B:$B,A12) -> 23 | C12: =SUMIF('All UCs'!$B:$B,A12,'All UCs'!$F:$F) -> 492 | D12: =SUMIF('All UCs'!$B:$B,A12,'All UCs'!$G:$G) -> 537 | E12: =IF(C12>0,D12/C12,0) -> 1.0914634 | F12: =SUMIF('All Follow-ups'!$A:$A,A12,'All Follow-ups'!$I:$I) -> 155 | G12: =COUNTIFS('All Follow-ups'!$A:$A,A12,'All Follow-ups'!$B:$B,"P1*") -> 6 | H12: =COUNTIFS('All Follow-ups'!$A:$A,A12,'All Follow-ups'!$B:$B,"P2*") -> 1 | I12: =COUNTIFS('All Follow-ups'!$A:$A,A12,'All Follow-ups'!$B:$B,"P3*") -> 7 | J12: =COUNTIFS('All Follow-ups'!$A:$A,A12,'All Follow-ups'!$B:$B,"P4*") -> 1 | K12: =SUM(G12:J12) -> 15 | L12: =COUNTIF('WAZIR-N'!$O:$O,"Done") -> 0 | M12: =IFERROR(SUMIF('All UCs'!$B:$B,A12,'All UCs'!$L:$L)/SUMIF('All UCs'!$B:$B,A12,'All UCs'!$K:$K),0) -> 1 | N12: =(E12-M12)*100 -> 9.1463415 | O12: =COUNTIFS('All UCs'!$B:$B,A12,'All UCs'!$O:$O,"Persistent low") -> 0 | P12: =COUNTIFS('All UCs'!$B:$B,A12,'All UCs'!$O:$O,"Newly declined") -> 5 | Q12: =COUNTIFS('All UCs'!$B:$B,A12,'All UCs'!$O:$O,"Recovered") -> 0
A13: WAZIR-S Upper | B13: =COUNTIF('All UCs'!$B:$B,A13) -> 34 | C13: =SUMIF('All UCs'!$B:$B,A13,'All UCs'!$F:$F) -> 290 | D13: =SUMIF('All UCs'!$B:$B,A13,'All UCs'!$G:$G) -> 346 | E13: =IF(C13>0,D13/C13,0) -> 1.1931034 | F13: =SUMIF('All Follow-ups'!$A:$A,A13,'All Follow-ups'!$I:$I) -> 15 | G13: =COUNTIFS('All Follow-ups'!$A:$A,A13,'All Follow-ups'!$B:$B,"P1*") -> 3 | H13: =COUNTIFS('All Follow-ups'!$A:$A,A13,'All Follow-ups'!$B:$B,"P2*") -> 0 | I13: =COUNTIFS('All Follow-ups'!$A:$A,A13,'All Follow-ups'!$B:$B,"P3*") -> 8 | J13: =COUNTIFS('All Follow-ups'!$A:$A,A13,'All Follow-ups'!$B:$B,"P4*") -> 1 | K13: =SUM(G13:J13) -> 12 | L13: =COUNTIF('WAZIR-S Upper'!$O:$O,"Done") -> 0 | M13: =IFERROR(SUMIF('All UCs'!$B:$B,A13,'All UCs'!$L:$L)/SUMIF('All UCs'!$B:$B,A13,'All UCs'!$K:$K),0) -> 0.14285714 | N13: =(E13-M13)*100 -> 105.02463 | O13: =COUNTIFS('All UCs'!$B:$B,A13,'All UCs'!$O:$O,"Persistent low") -> 1 | P13: =COUNTIFS('All UCs'!$B:$B,A13,'All UCs'!$O:$O,"Newly declined") -> 0 | Q13: =COUNTIFS('All UCs'!$B:$B,A13,'All UCs'!$O:$O,"Recovered") -> 8
A14: Total | B14: =SUM(B5:B13) -> 421 | C14: =SUM(C5:C13) -> 31762 | D14: =SUM(D5:D13) -> 30132 | E14: =IF(C14>0,D14/C14,0) -> 0.94868081 | F14: =SUM(F5:F13) -> 2611 | G14: =SUM(G5:G13) -> 30 | H14: =SUM(H5:H13) -> 4 | I14: =SUM(I5:I13) -> 54 | J14: =SUM(J5:J13) -> 36 | K14: =SUM(K5:K13) -> 124 | L14: =SUM(L5:L13) -> 0 | M14: =IFERROR(SUM('All UCs'!$L:$L)/SUM('All UCs'!$K:$K),0) -> 0.68654123 | N14: =(E14-M14)*100 -> 26.213958 | O14: =SUM(O5:O13) -> 20 | P14: =SUM(P5:P13) -> 44 | Q14: =SUM(Q5:Q13) -> 109
A16: Priority key and action
A17: Priority | B17: Rule | C17: Action for district team
A18: P1 – No entries | B18: IDIMS reported > 0 but linelist entries = 0 | C18: No linelist entries yet. Confirm a data-entry person is assigned and start entry.
A19: P2 – Critical (<50%) | B19: Completion below 50% | C19: Less than half entered. Complete the remaining linelist entries.
A20: P3 – Verify: over-entry | B20: Completion above 110% | C20: Entries exceed the IDIMS figure by more than 10%. Check for duplicate entries and cross-check the IDIMS number.
A21: P3 – Verify: no IDIMS figure | B21: IDIMS = 0 but linelist has entries | C21: Linelist has entries but IDIMS reports 0 ZDs. Verify IDIMS reporting for this UC.
A22: P3 – Verify: duplicates | B22: Duplicate records flagged (UC otherwise on track) | C22: Duplicate records flagged in the report. Review and remove duplicates.
A23: P4 – Low (50–80%) | B23: Completion 50–80% | C23: Complete the remaining linelist entries.
A25: How to use: each district sheet lists only that district's UCs needing follow-up, sorted by priority then by children still to enter.
A26: District teams fill in the green columns (Responsible person, Target date, Status, Remarks). "Done" counts update on this Summary automatically.
A27: UCs at 80–110% with no duplicates are on track and are not listed; see the All UCs sheet for the full list.
A28: Trend compares with SNID May 2026 (report of 22-Jun-2026) using the 80% line: Persistent low = below 80% in both; Newly declined = 80%+ then, below 80% now; Recovered = below 80% then, 80%+ now; Not comparable = IDIMS reported 0 in either campaign.

Sheet All Follow-ups
A1: Zero Dose Digitization – Follow-up List (all districts)
A2: SNID Sept 2026 · 124 UCs needing follow-up · IDIMS comparison report of 09-Oct-2026 · Trend vs SNID May 2026 (22-Jun-2026) · Green columns are for district teams to fill in
A4: District | B4: Priority | C4: Tehsil | D4: UC | E4: UC Code | F4: ZD Reported | G4: ZD Linelist | H4: Completion % | I4: Children to enter | J4: Excess entries | K4: May completion % | L4: Trend May→Sept | M4: Action required | N4: Responsible person | O4: Target date | P4: Status | Q4: Remarks
A5: BANNU | B5: P1 – No entries | C5: KAKKI | D5: KAKKI 1 | E5: 36106002 | F5: 135 | G5: 0 | H5: =IF(F5>0,G5/F5,"n/a") -> 0 | I5: =MAX(F5-G5,0) -> 135 | J5: =MAX(G5-F5,0) -> 0 | K5: 0.979 | L5: Newly declined | M5: No linelist entries yet. Confirm a data-entry person is assigned and start entry. Was on track in May: check that data-entry staff are in place. | P5: Not started
A6: BANNU | B6: P1 – No entries | C6: BANNU | D6: LALO ZAI | E6: 36101023 | F6: 120 | G6: 0 | H6: =IF(F6>0,G6/F6,"n/a") -> 0 | I6: =MAX(F6-G6,0) -> 120 | J6: =MAX(G6-F6,0) -> 0 | K6: 1 | L6: Newly declined | M6: No linelist entries yet. Confirm a data-entry person is assigned and start entry. Was on track in May: check that data-entry staff are in place. | P6: Not started
A7: BANNU | B7: P1 – No entries | C7: KAKKI | D7: NAR SHUKRULLAH | E7: 36106006 | F7: 111 | G7: 0 | H7: =IF(F7>0,G7/F7,"n/a") -> 0 | I7: =MAX(F7-G7,0) -> 111 | J7: =MAX(G7-F7,0) -> 0 | K7: 1.053 | L7: Newly declined | M7: No linelist entries yet. Confirm a data-entry person is assigned and start entry. Was on track in May: check that data-entry staff are in place. | P7: Not started
A8: BANNU | B8: P1 – No entries | C8: DOMEL | D8: BIZEN KHEL 1 | E8: 36105003 | F8: 89 | G8: 0 | H8: =IF(F8>0,G8/F8,"n/a") -> 0 | I8: =MAX(F8-G8,0) -> 89 | J8: =MAX(G8-F8,0) -> 0 | K8: 0 | L8: Persistent low | M8: No linelist entries yet. Confirm a data-entry person is assigned and start entry. Low in May too: repeat problem, escalate to district. | P8: Not started
A9: BANNU | B9: P3 – Verify: over-entry | C9: DOMEL | D9: ASPERKA WAZIRAN | E9: 36105002 | F9: 60 | G9: 174 | H9: =IF(F9>0,G9/F9,"n/a") -> 2.9 | I9: =MAX(F9-G9,0) -> 0 | J9: =MAX(G9-F9,0) -> 114 | K9: 0 | L9: Recovered | M9: Entries exceed the IDIMS figure by more than 10%. Check for duplicate entries and cross-check the IDIMS number. | P9: Not started
A10: BANNU | B10: P3 – Verify: over-entry | C10: KAKKI | D10: KAKKI 2 | E10: 36106003 | F10: 99 | G10: 212 | H10: =IF(F10>0,G10/F10,"n/a") -> 2.141 | I10: =MAX(F10-G10,0) -> 0 | J10: =MAX(G10-F10,0) -> 113 | K10: 0.568 | L10: Recovered | M10: Entries exceed the IDIMS figure by more than 10%. Check for duplicate entries and cross-check the IDIMS number. | P10: Not started
A11: BANNU | B11: P3 – Verify: over-entry | C11: BANNU | D11: SIKANDAR KHEL BALLA | E11: 36101033 | F11: 122 | G11: 157 | H11: =IF(F11>0,G11/F11,"n/a") -> 1.287 | I11: =MAX(F11-G11,0) -> 0 | J11: =MAX(G11-F11,0) -> 35 | K11: 0.556 | L11: Recovered | M11: Entries exceed the IDIMS figure by more than 10%. Check for duplicate entries and cross-check the IDIMS number. | P11: Not started
A12: BANNU | B12: P3 – Verify: over-entry | C12: BAKAKHEL | D12: MOMAND KHEL | E12: 36103005 | F12: 77 | G12: 110 | H12: =IF(F12>0,G12/F12,"n/a") -> 1.429 | I12: =MAX(F12-G12,0) -> 0 | J12: =MAX(G12-F12,0) -> 33 | K12: 1.011 | L12: Stable (80%+ both) | M12: Entries exceed the IDIMS figure by more than 10%. Check for duplicate entries and cross-check the IDIMS number. | P12: Not started
A13: BANNU | B13: P3 – Verify: over-entry | C13: WAZIR | D13: HINDI KHEL | E13: 36102011 | F13: 24 | G13: 39 | H13: =IF(F13>0,G13/F13,"n/a") -> 1.625 | I13: =MAX(F13-G13,0) -> 0 | J13: =MAX(G13-F13,0) -> 15 | K13: 1 | L13: Stable (80%+ both) | M13: Entries exceed the IDIMS figure by more than 10%. Check for duplicate entries and cross-check the IDIMS number. | P13: Not started
A14: BANNU | B14: P3 – Verify: over-entry | C14: WAZIR | D14: SAIN TANGA | E14: 36102006 | F14: 16 | G14: 29 | H14: =IF(F14>0,G14/F14,"n/a") -> 1.812 | I14: =MAX(F14-G14,0) -> 0 | J14: =MAX(G14-F14,0) -> 13 | K14: 0.864 | L14: Stable (80%+ both) | M14: Entries exceed the IDIMS figure by more than 10%. Check for duplicate entries and cross-check the IDIMS number. | P14: Not started
A15: BANNU | B15: P3 – Verify: over-entry | C15: BAKAKHEL | D15: NARMI KHEL | E15: 36103006 | F15: 10 | G15: 22 | H15: =IF(F15>0,G15/F15,"n/a") -> 2.2 | I15: =MAX(F15-G15,0) -> 0 | J15: =MAX(G15-F15,0) -> 12 | K15: 0 | L15: Recovered | M15: Entries exceed the IDIMS figure by more than 10%. Check for duplicate entries and cross-check the IDIMS number. | P15: Not started
A16: BANNU | B16: P3 – Verify: over-entry | C16: BANNU | D16: DAUD SHAH | E16: 36101009 | F16: 61 | G16: 69 | H16: =IF(F16>0,G16/F16,"n/a") -> 1.131 | I16: =MAX(F16-G16,0) -> 0 | J16: =MAX(G16-F16,0) -> 8 | K16: 0.809 | L16: Stable (80%+ both) | M16: Entries exceed the IDIMS figure by more than 10%. Check for duplicate entries and cross-check the IDIMS number. | P16: Not started
... A42: KHYBER | B42: P3 – Verify: over-entry | C42: LANDI KOTAL | D42: MIRDAD KHEL | E42: 33404069 | F42: 48 | G42: 63 | H42: =IF(F42>0,G42/F42,"n/a") -> 1.312 | I42: =MAX(F42-G42,0) -> 0 | J42: =MAX(G42-F42,0) -> 15 | K42: 0.951 | L42: Stable (80%+ both) | M42: Entries exceed the IDIMS figure by more than 10%. Check for duplicate entries and cross-check the IDIMS number. | P42: Not started
A43: KHYBER | B43: P3 – Verify: no IDIMS figure | C43: TIRAH MAIDAN | D43: SHALOBAR TIRAH | E43: 33405006 | F43: 0 | G43: 9 | H43: =IF(F43>0,G43/F43,"n/a") -> n/a | I43: =MAX(F43-G43,0) -> 0 | J43: =MAX(G43-F43,0) -> 9 | K43: n/a | L43: Not comparable | M43: Linelist has entries but IDIMS reports 0 ZDs. Verify IDIMS reporting for this UC. | P43: Not started
A44: KHYBER | B44: P3 – Verify: no IDIMS figure | C44: TIRAH MAIDAN | D44: ZAKHAKHEL TIRAH | E44: 33405007 | F44: 0 | G44: 6 | H44: =IF(F44>0,G44/F44,"n/a") -> n/a | I44: =MAX(F44-G44,0) -> 0 | J44: =MAX(G44-F44,0) -> 6 | K44: n/a | L44: Not comparable | M44: Linelist has entries but IDIMS reports 0 ZDs. Verify IDIMS reporting for this UC. | P44: Not started
A45: KHYBER | B45: P3 – Verify: over-entry | C45: BARA | D45: MILWARD B | E45: 33401114 | F45: 30 | G45: 33 | H45: =IF(F45>0,G45/F45,"n/a") -> 1.1 | I45: =MAX(F45-G45,0) -> 0 | J45: =MAX(G45-F45,0) -> 3 | K45: 1 | L45: Stable (80%+ both) | M45: Entries exceed the IDIMS figure by more than 10%. Check for duplicate entries and cross-check the IDIMS number. | P45: Not started
A46: KHYBER | B46: P3 – Verify: over-entry | C46: LANDI KOTAL | D46: TORKHAM | E46: 33404078 | F46: 13 | G46: 16 | H46: =IF(F46>0,G46/F46,"n/a") -> 1.231 | I46: =MAX(F46-G46,0) -> 0 | J46: =MAX(G46-F46,0) -> 3 | K46: 0.286 | L46: Recovered | M46: Entries exceed the IDIMS figure by more than 10%. Check for duplicate entries and cross-check the IDIMS number. | P46: Not started
A47: KHYBER | B47: P4 – Low (50–80%) | C47: LANDI KOTAL | D47: LOE SHALMAN A | E47: 33404067 | F47: 65 | G47: 46 | H47: =IF(F47>0,G47/F47,"n/a") -> 0.708 | I47: =MAX(F47-G47,0) -> 19 | J47: =MAX(G47-F47,0) -> 0 | K47: 1.026 | L47: Newly declined | M47: Complete the remaining linelist entries. Was on track in May: check that data-entry staff are in place. | P47: Not started
A48: KHYBER | B48: P4 – Low (50–80%) | C48: LANDI KOTAL | D48: LOE SHALMAN B | E48: 33404068 | F48: 60 | G48: 47 | H48: =IF(F48>0,G48/F48,"n/a") -> 0.783 | I48: =MAX(F48-G48,0) -> 13 | J48: =MAX(G48-F48,0) -> 0 | K48: 1 | L48: Newly declined | M48: Complete the remaining linelist entries. Was on track in May: check that data-entry staff are in place. | P48: Not started
A49: LAKKIMRWT | B49: P3 – Verify: over-entry | C49: BETTANI | D49: CHECHANDI SAMAN | E49: 36204007 | F49: 55 | G49: 99 | H49: =IF(F49>0,G49/F49,"n/a") -> 1.8 | I49: =MAX(F49-G49,0) -> 0 | J49: =MAX(G49-F49,0) -> 44 | K49: 1 | L49: Stable (80%+ both) | M49: Entries exceed the IDIMS figure by more than 10%. Check for duplicate entries and cross-check the IDIMS number. | P49: Not started
A50: LAKKIMRWT | B50: P3 – Verify: over-entry | C50: SERAI NAURANG | D50: BAKHMAL AHMAD ZAI | E50: 36203022 | F50: 120 | G50: 146 | H50: =IF(F50>0,G50/F50,"n/a") -> 1.217 | I50: =MAX(F50-G50,0) -> 0 | J50: =MAX(G50-F50,0) -> 26 | K50: 1 | L50: Stable (80%+ both) | M50: Entries exceed the IDIMS figure by more than 10%. Check for duplicate entries and cross-check the IDIMS number. | P50: Not started
A51: LAKKIMRWT | B51: P3 – Verify: over-entry | C51: BETTANI | D51: SHEMALA | E51: 36204005 | F51: 168 | G51: 185 | H51: =IF(F51>0,G51/F51,"n/a") -> 1.101 | I51: =MAX(F51-G51,0) -> 0 | J51: =MAX(G51-F51,0) -> 17 | K51: 1 | L51: Stable (80%+ both) | M51: Entries exceed the IDIMS figure by more than 10%. Check for duplicate entries and cross-check the IDIMS number. | P51: Not started
A52: LAKKIMRWT | B52: P3 – Verify: over-entry | C52: BETTANI | D52: GABBAR BAGH | E52: 36204011 | F52: 44 | G52: 57 | H52: =IF(F52>0,G52/F52,"n/a") -> 1.295 | I52: =MAX(F52-G52,0) -> 0 | J52: =MAX(G52-F52,0) -> 13 | K52: 1 | L52: Stable (80%+ both) | M52: Entries exceed the IDIMS figure by more than 10%. Check for duplicate entries and cross-check the IDIMS number. | P52: Not started
A53: LAKKIMRWT | B53: P3 – Verify: over-entry | C53: BETTANI | D53: WATEEN SAR | E53: 36204009 | F53: 17 | G53: 21 | H53: =IF(F53>0,G53/F53,"n/a") -> 1.235 | I53: =MAX(F53-G53,0) -> 0 | J53: =MAX(G53-F53,0) -> 4 | K53: 1 | L53: Stable (80%+ both) | M53: Entries exceed the IDIMS figure by more than 10%. Check for duplicate entries and cross-check the IDIMS number. | P53: Not started
A54: LAKKIMRWT | B54: P4 – Low (50–80%) | C54: LAKKI MARWAT | D54: AHMADKHEL | E54: 36202023 | F54: 85 | G54: 47 | H54: =IF(F54>0,G54/F54,"n/a") -> 0.553 | I54: =MAX(F54-G54,0) -> 38 | J54: =MAX(G54-F54,0) -> 0 | K54: 1 | L54: Newly declined | M54: Complete the remaining linelist entries. Was on track in May: check that data-entry staff are in place. | P54: Not started
A55: LAKKIMRWT | B55: P4 – Low (50–80%) | C55: LAKKI MARWAT | D55: DERATANG | E55: 36202030 | F55: 138 | G55: 110 | H55: =IF(F55>0,G55/F55,"n/a") -> 0.797 | I55: =MAX(F55-G55,0) -> 28 | J55: =MAX(G55-F55,0) -> 0 | K55: 1 | L55: Newly declined | M55: Complete the remaining linelist entries. Was on track in May: check that data-entry staff are in place. | P55: Not started
A56: LAKKIMRWT | B56: P4 – Low (50–80%) | C56: GHAZNI KHEL | D56: GHAZNIKHEL | E56: 36205003 | F56: 110 | G56: 84 | H56: =IF(F56>0,G56/F56,"n/a") -> 0.764 | I56: =MAX(F56-G56,0) -> 26 | J56: =MAX(G56-F56,0) -> 0 | K56: 1 | L56: Newly declined | M56: Complete the remaining linelist entries. Was on track in May: check that data-entry staff are in place. | P56: Not started
... A84: WAZIR-N | B84: P1 – No entries | C84: MIR ALI | D84: MIR ALI 5 | E84: 36401036 | F84: 24 | G84: 0 | H84: =IF(F84>0,G84/F84,"n/a") -> 0 | I84: =MAX(F84-G84,0) -> 24 | J84: =MAX(G84-F84,0) -> 0 | K84: 1 | L84: Newly declined | M84: No linelist entries yet. Confirm a data-entry person is assigned and start entry. Was on track in May: check that data-entry staff are in place. | P84: Not started
A85: WAZIR-N | B85: P1 – No entries | C85: SPINWAM | D85: SPINWAM 2 | E85: 36409002 | F85: 9 | G85: 0 | H85: =IF(F85>0,G85/F85,"n/a") -> 0 | I85: =MAX(F85-G85,0) -> 9 | J85: =MAX(G85-F85,0) -> 0 | K85: n/a | L85: Not comparable | M85: No linelist entries yet. Confirm a data-entry person is assigned and start entry. | P85: Not started
A86: WAZIR-N | B86: P1 – No entries | C86: SHAWA | D86: SHAWA 1 | E86: 36408001 | F86: 8 | G86: 0 | H86: =IF(F86>0,G86/F86,"n/a") -> 0 | I86: =MAX(F86-G86,0) -> 8 | J86: =MAX(G86-F86,0) -> 0 | K86: n/a | L86: Not comparable | M86: No linelist entries yet. Confirm a data-entry person is assigned and start entry. | P86: Not started
A87: WAZIR-N | B87: P1 – No entries | C87: SHAWA | D87: SHAWA 2 | E87: 36408002 | F87: 5 | G87: 0 | H87: =IF(F87>0,G87/F87,"n/a") -> 0 | I87: =MAX(F87-G87,0) -> 5 | J87: =MAX(G87-F87,0) -> 0 | K87: n/a | L87: Not comparable | M87: No linelist entries yet. Confirm a data-entry person is assigned and start entry. | P87: Not started
A88: WAZIR-N | B88: P2 – Critical (<50%) | C88: DATTAKHEL | D88: DATTA KHEL 1 | E88: 36404001 | F88: 32 | G88: 8 | H88: =IF(F88>0,G88/F88,"n/a") -> 0.25 | I88: =MAX(F88-G88,0) -> 24 | J88: =MAX(G88-F88,0) -> 0 | K88: 1 | L88: Newly declined | M88: Less than half entered. Complete the remaining linelist entries. Was on track in May: check that data-entry staff are in place. | P88: Not started
A89: WAZIR-N | B89: P3 – Verify: over-entry | C89: MIRAN SHAH | D89: MIRAN SHAH 1 | E89: 36402042 | F89: 69 | G89: 165 | H89: =IF(F89>0,G89/F89,"n/a") -> 2.391 | I89: =MAX(F89-G89,0) -> 0 | J89: =MAX(G89-F89,0) -> 96 | K89: 1 | L89: Stable (80%+ both) | M89: Entries exceed the IDIMS figure by more than 10%. Check for duplicate entries and cross-check the IDIMS number. | P89: Not started
A90: WAZIR-N | B90: P3 – Verify: no IDIMS figure | C90: MIR ALI | D90: MIR ALI 6 | E90: 36401037 | F90: 0 | G90: 52 | H90: =IF(F90>0,G90/F90,"n/a") -> n/a | I90: =MAX(F90-G90,0) -> 0 | J90: =MAX(G90-F90,0) -> 52 | K90: n/a | L90: Not comparable | M90: Linelist has entries but IDIMS reports 0 ZDs. Verify IDIMS reporting for this UC. | P90: Not started
A91: WAZIR-N | B91: P3 – Verify: over-entry | C91: DATTAKHEL | D91: DATTA KHEL 2 | E91: 36404002 | F91: 74 | G91: 92 | H91: =IF(F91>0,G91/F91,"n/a") -> 1.243 | I91: =MAX(F91-G91,0) -> 0 | J91: =MAX(G91-F91,0) -> 18 | K91: 1 | L91: Stable (80%+ both) | M91: Entries exceed the IDIMS figure by more than 10%. Check for duplicate entries and cross-check the IDIMS number. | P91: Not started
A92: WAZIR-N | B92: P3 – Verify: over-entry | C92: MIRAN SHAH | D92: MIRAN SHAH 2 | E92: 36402043 | F92: 22 | G92: 38 | H92: =IF(F92>0,G92/F92,"n/a") -> 1.727 | I92: =MAX(F92-G92,0) -> 0 | J92: =MAX(G92-F92,0) -> 16 | K92: 1 | L92: Stable (80%+ both) | M92: Entries exceed the IDIMS figure by more than 10%. Check for duplicate entries and cross-check the IDIMS number. | P92: Not started
A93: WAZIR-N | B93: P3 – Verify: over-entry | C93: DOSSALI | D93: DOSALI 1 | E93: 36405001 | F93: 21 | G93: 29 | H93: =IF(F93>0,G93/F93,"n/a") -> 1.381 | I93: =MAX(F93-G93,0) -> 0 | J93: =MAX(G93-F93,0) -> 8 | K93: 1 | L93: Stable (80%+ both) | M93: Entries exceed the IDIMS figure by more than 10%. Check for duplicate entries and cross-check the IDIMS number. | P93: Not started
A94: WAZIR-N | B94: P3 – Verify: no IDIMS figure | C94: DOSSALI | D94: DOSALI 2 | E94: 36405002 | F94: 0 | G94: 8 | H94: =IF(F94>0,G94/F94,"n/a") -> n/a | I94: =MAX(F94-G94,0) -> 0 | J94: =MAX(G94-F94,0) -> 8 | K94: 1 | L94: Not comparable | M94: Linelist has entries but IDIMS reports 0 ZDs. Verify IDIMS reporting for this UC. | P94: Not started
A95: WAZIR-N | B95: P3 – Verify: over-entry | C95: MIR ALI | D95: MIR ALI 1 | E95: 36401032 | F95: 2 | G95: 5 | H95: =IF(F95>0,G95/F95,"n/a") -> 2.5 | I95: =MAX(F95-G95,0) -> 0 | J95: =MAX(G95-F95,0) -> 3 | K95: 1 | L95: Stable (80%+ both) | M95: Entries exceed the IDIMS figure by more than 10%. Check for duplicate entries and cross-check the IDIMS number. | P95: Not started
A96: WAZIR-N | B96: P4 – Low (50–80%) | C96: MIRAN SHAH | D96: MIRAN SHAH 3 | E96: 36402044 | F96: 63 | G96: 35 | H96: =IF(F96>0,G96/F96,"n/a") -> 0.556 | I96: =MAX(F96-G96,0) -> 28 | J96: =MAX(G96-F96,0) -> 0 | K96: 1 | L96: Newly declined | M96: Complete the remaining linelist entries. Was on track in May: check that data-entry staff are in place. | P96: Not started
A97: WAZIR-S Lower | B97: P1 – No entries | C97: TOI KHULLA | D97: Zar Mellon | E97: 36703003 | F97: 32 | G97: 0 | H97: =IF(F97>0,G97/F97,"n/a") -> 0 | I97: =MAX(F97-G97,0) -> 32 | J97: =MAX(G97-F97,0) -> 0 | K97: 7 | L97: Newly declined | M97: No linelist entries yet. Confirm a data-entry person is assigned and start entry. Was on track in May: check that data-entry staff are in place. | P97: Not started
A98: WAZIR-S Lower | B98: P1 – No entries | C98: WANA | D98: Zari Noor | E98: 36704015 | F98: 27 | G98: 0 | H98: =IF(F98>0,G98/F98,"n/a") -> 0 | I98: =MAX(F98-G98,0) -> 27 | J98: =MAX(G98-F98,0) -> 0 | K98: 1 | L98: Newly declined | M98: No linelist entries yet. Confirm a data-entry person is assigned and start entry. Was on track in May: check that data-entry staff are in place. | P98: Not started
A99: WAZIR-S Lower | B99: P1 – No entries | C99: WANA | D99: Doag | E99: 36704002 | F99: 19 | G99: 0 | H99: =IF(F99>0,G99/F99,"n/a") -> 0 | I99: =MAX(F99-G99,0) -> 19 | J99: =MAX(G99-F99,0) -> 0 | K99: 1 | L99: Newly declined | M99: No linelist entries yet. Confirm a data-entry person is assigned and start entry. Was on track in May: check that data-entry staff are in place. | P99: Not started
A100: WAZIR-S Lower | B100: P1 – No entries | C100: BIRMAL | D100: Kham Rang | E100: 36701009 | F100: 10 | G100: 0 | H100: =IF(F100>0,G100/F100,"n/a") -> 0 | I100: =MAX(F100-G100,0) -> 10 | J100: =MAX(G100-F100,0) -> 0 | K100: 1 | L100: Newly declined | M100: No linelist entries yet. Confirm a data-entry person is assigned and start entry. Was on track in May: check that data-entry staff are in place. | P100: Not started
A101: WAZIR-S Lower | B101: P1 – No entries | C101: BIRMAL | D101: Wacha Dana | E101: 36701012 | F101: 6 | G101: 0 | H101: =IF(F101>0,G101/F101,"n/a") -> 0 | I101: =MAX(F101-G101,0) -> 6 | J101: =MAX(G101-F101,0) -> 0 | K101: 1 | L101: Newly declined | M101: No linelist entries yet. Confirm a data-entry person is assigned and start entry. Was on track in May: check that data-entry staff are in place. | P101: Not started
A102: WAZIR-S Lower | B102: P1 – No entries | C102: BIRMAL | D102: Dana | E102: 36701004 | F102: 4 | G102: 0 | H102: =IF(F102>0,G102/F102,"n/a") -> 0 | I102: =MAX(F102-G102,0) -> 4 | J102: =MAX(G102-F102,0) -> 0 | K102: 0.571 | L102: Persistent low | M102: No linelist entries yet. Confirm a data-entry person is assigned and start entry. Low in May too: repeat problem, escalate to district. | P102: Not started
... A109: WAZIR-S Lower | B109: P3 – Verify: over-entry | C109: SHAKAI | D109: Mantoi | E109: 36702001 | F109: 5 | G109: 8 | H109: =IF(F109>0,G109/F109,"n/a") -> 1.6 | I109: =MAX(F109-G109,0) -> 0 | J109: =MAX(G109-F109,0) -> 3 | K109: 1 | L109: Stable (80%+ both) | M109: Entries exceed the IDIMS figure by more than 10%. Check for duplicate entries and cross-check the IDIMS number. | P109: Not started
A110: WAZIR-S Lower | B110: P3 – Verify: over-entry | C110: BIRMAL | D110: Azam Warsak A | E110: 36701002 | F110: 2 | G110: 4 | H110: =IF(F110>0,G110/F110,"n/a") -> 2 | I110: =MAX(F110-G110,0) -> 0 | J110: =MAX(G110-F110,0) -> 2 | K110: n/a | L110: Not comparable | M110: Entries exceed the IDIMS figure by more than 10%. Check for duplicate entries and cross-check the IDIMS number. | P110: Not started
A111: WAZIR-S Lower | B111: P3 – Verify: over-entry | C111: WANA | D111: Ghawa Khawa | E111: 36704004 | F111: 19 | G111: 21 | H111: =IF(F111>0,G111/F111,"n/a") -> 1.105 | I111: =MAX(F111-G111,0) -> 0 | J111: =MAX(G111-F111,0) -> 2 | K111: 1 | L111: Stable (80%+ both) | M111: Entries exceed the IDIMS figure by more than 10%. Check for duplicate entries and cross-check the IDIMS number. | P111: Not started
A112: WAZIR-S Lower | B112: P3 – Verify: over-entry | C112: BIRMAL | D112: Zhalai | E112: 36701013 | F112: 8 | G112: 9 | H112: =IF(F112>0,G112/F112,"n/a") -> 1.125 | I112: =MAX(F112-G112,0) -> 0 | J112: =MAX(G112-F112,0) -> 1 | K112: n/a | L112: Not comparable | M112: Entries exceed the IDIMS figure by more than 10%. Check for duplicate entries and cross-check the IDIMS number. | P112: Not started
A113: WAZIR-S Lower | B113: P3 – Verify: over-entry | C113: SHAKAI | D113: Sangtoi | E113: 36702002 | F113: 4 | G113: 5 | H113: =IF(F113>0,G113/F113,"n/a") -> 1.25 | I113: =MAX(F113-G113,0) -> 0 | J113: =MAX(G113-F113,0) -> 1 | K113: 1.125 | L113: Stable (80%+ both) | M113: Entries exceed the IDIMS figure by more than 10%. Check for duplicate entries and cross-check the IDIMS number. | P113: Not started
A114: WAZIR-S Lower | B114: P4 – Low (50–80%) | C114: WANA | D114: Spin | E114: 36704010 | F114: 24 | G114: 14 | H114: =IF(F114>0,G114/F114,"n/a") -> 0.583 | I114: =MAX(F114-G114,0) -> 10 | J114: =MAX(G114-F114,0) -> 0 | K114: 0 | L114: Persistent low | M114: Complete the remaining linelist entries. Low in May too: repeat problem, escalate to district. | P114: Not started
A115: WAZIR-S Lower | B115: P4 – Low (50–80%) | C115: BIRMAL | D115: Raghzai | E115: 36701007 | F115: 7 | G115: 4 | H115: =IF(F115>0,G115/F115,"n/a") -> 0.571 | I115: =MAX(F115-G115,0) -> 3 | J115: =MAX(G115-F115,0) -> 0 | K115: 1 | L115: Newly declined | M115: Complete the remaining linelist entries. Was on track in May: check that data-entry staff are in place. | P115: Not started
A116: WAZIR-S Lower | B116: P4 – Low (50–80%) | C116: WANA | D116: Samar Bagh | E116: 36704009 | F116: 3 | G116: 2 | H116: =IF(F116>0,G116/F116,"n/a") -> 0.667 | I116: =MAX(F116-G116,0) -> 1 | J116: =MAX(G116-F116,0) -> 0 | K116: 1 | L116: Newly declined | M116: Complete the remaining linelist entries. Was on track in May: check that data-entry staff are in place. | P116: Not started
A117: WAZIR-S Upper | B117: P1 – No entries | C117: Sararogha | D117: Wacha Khura | E117: 36603006 | F117: 6 | G117: 0 | H117: =IF(F117>0,G117/F117,"n/a") -> 0 | I117: =MAX(F117-G117,0) -> 6 | J117: =MAX(G117-F117,0) -> 0 | K117: n/a | L117: Not comparable | M117: No linelist entries yet. Confirm a data-entry person is assigned and start entry. | P117: Not started
A118: WAZIR-S Upper | B118: P1 – No entries | C118: Shawal | D118: Shawal | E118: 36606001 | F118: 5 | G118: 0 | H118: =IF(F118>0,G118/F118,"n/a") -> 0 | I118: =MAX(F118-G118,0) -> 5 | J118: =MAX(G118-F118,0) -> 0 | K118: n/a | L118: Not comparable | M118: No linelist entries yet. Confirm a data-entry person is assigned and start entry. | P118: Not started
A119: WAZIR-S Upper | B119: P1 – No entries | C119: Shaktoi | D119: Shaktoi | E119: 36605001 | F119: 2 | G119: 0 | H119: =IF(F119>0,G119/F119,"n/a") -> 0 | I119: =MAX(F119-G119,0) -> 2 | J119: =MAX(G119-F119,0) -> 0 | K119: n/a | L119: Not comparable | M119: No linelist entries yet. Confirm a data-entry person is assigned and start entry. | P119: Not started
A120: WAZIR-S Upper | B120: P3 – Verify: over-entry | C120: Sararogha | D120: Spinkai Raghzai | E120: 36603002 | F120: 66 | G120: 104 | H120: =IF(F120>0,G120/F120,"n/a") -> 1.576 | I120: =MAX(F120-G120,0) -> 0 | J120: =MAX(G120-F120,0) -> 38 | K120: 0 | L120: Recovered | M120: Entries exceed the IDIMS figure by more than 10%. Check for duplicate entries and cross-check the IDIMS number. | P120: Not started
A121: WAZIR-S Upper | B121: P3 – Verify: over-entry | C121: Ladha | D121: Badar | E121: 36601004 | F121: 16 | G121: 32 | H121: =IF(F121>0,G121/F121,"n/a") -> 2 | I121: =MAX(F121-G121,0) -> 0 | J121: =MAX(G121-F121,0) -> 16 | K121: n/a | L121: Not comparable | M121: Entries exceed the IDIMS figure by more than 10%. Check for duplicate entries and cross-check the IDIMS number. | P121: Not started
A122: WAZIR-S Upper | B122: P3 – Verify: over-entry | C122: Sararogha | D122: Shankai | E122: 36603005 | F122: 15 | G122: 24 | H122: =IF(F122>0,G122/F122,"n/a") -> 1.6 | I122: =MAX(F122-G122,0) -> 0 | J122: =MAX(G122-F122,0) -> 9 | K122: n/a | L122: Not comparable | M122: Entries exceed the IDIMS figure by more than 10%. Check for duplicate entries and cross-check the IDIMS number. | P122: Not started
A123: WAZIR-S Upper | B123: P3 – Verify: over-entry | C123: Sararogha | D123: Bangi Wala | E123: 36603008 | F123: 5 | G123: 8 | H123: =IF(F123>0,G123/F123,"n/a") -> 1.6 | I123: =MAX(F123-G123,0) -> 0 | J123: =MAX(G123-F123,0) -> 3 | K123: n/a | L123: Not comparable | M123: Entries exceed the IDIMS figure by more than 10%. Check for duplicate entries and cross-check the IDIMS number. | P123: Not started
A124: WAZIR-S Upper | B124: P3 – Verify: over-entry | C124: Ladha | D124: Speshteen | E124: 36601007 | F124: 4 | G124: 6 | H124: =IF(F124>0,G124/F124,"n/a") -> 1.5 | I124: =MAX(F124-G124,0) -> 0 | J124: =MAX(G124-F124,0) -> 2 | K124: 0 | L124: Recovered | M124: Entries exceed the IDIMS figure by more than 10%. Check for duplicate entries and cross-check the IDIMS number. | P124: Not started
A125: WAZIR-S Upper | B125: P3 – Verify: no IDIMS figure | C125: Sararogha | D125: Shakari | E125: 36603009 | F125: 0 | G125: 2 | H125: =IF(F125>0,G125/F125,"n/a") -> n/a | I125: =MAX(F125-G125,0) -> 0 | J125: =MAX(G125-F125,0) -> 2 | K125: n/a | L125: Not comparable | M125: Linelist has entries but IDIMS reports 0 ZDs. Verify IDIMS reporting for this UC. | P125: Not started
A126: WAZIR-S Upper | B126: P3 – Verify: over-entry | C126: Tiarza | D126: Tiarza Lower | E126: 36607002 | F126: 5 | G126: 6 | H126: =IF(F126>0,G126/F126,"n/a") -> 1.2 | I126: =MAX(F126-G126,0) -> 0 | J126: =MAX(G126-F126,0) -> 1 | K126: 0 | L126: Recovered | M126: Entries exceed the IDIMS figure by more than 10%. Check for duplicate entries and cross-check the IDIMS number. | P126: Not started
A127: WAZIR-S Upper | B127: P3 – Verify: over-entry | C127: Tiarza | D127: Tiarza Upper | E127: 36607001 | F127: 3 | G127: 4 | H127: =IF(F127>0,G127/F127,"n/a") -> 1.333 | I127: =MAX(F127-G127,0) -> 0 | J127: =MAX(G127-F127,0) -> 1 | K127: n/a | L127: Not comparable | M127: Entries exceed the IDIMS figure by more than 10%. Check for duplicate entries and cross-check the IDIMS number. | P127: Not started
A128: WAZIR-S Upper | B128: P4 – Low (50–80%) | C128: Sararogha | D128: Sara Rogha | E128: 36603001 | F128: 7 | G128: 5 | H128: =IF(F128>0,G128/F128,"n/a") -> 0.714 | I128: =MAX(F128-G128,0) -> 2 | J128: =MAX(G128-F128,0) -> 0 | K128: 0 | L128: Persistent low | M128: Complete the remaining linelist entries. Low in May too: repeat problem, escalate to district. | P128: Not started

Sheet BANNU
A1: BANNU – Zero Dose Linelist Follow-up (SNID Sept 2026)
A2: District completion 3,747 of 4,205 = 89.1% · 23 of 57 UCs need follow-up · 748 children still to enter · 5 persistent low since May · Please fill the green columns and return
A4: Priority | B4: Tehsil | C4: UC | D4: UC Code | E4: ZD Reported | F4: ZD Linelist | G4: Completion % | H4: Children to enter | I4: Excess entries | J4: May completion % | K4: Trend May→Sept | L4: Action required | M4: Responsible person | N4: Target date | O4: Status | P4: Remarks
A5: P1 – No entries | B5: KAKKI | C5: KAKKI 1 | D5: 36106002 | E5: 135 | F5: 0 | G5: =IF(E5>0,F5/E5,"n/a") -> 0 | H5: =MAX(E5-F5,0) -> 135 | I5: =MAX(F5-E5,0) -> 0 | J5: 0.979 | K5: Newly declined | L5: No linelist entries yet. Confirm a data-entry person is assigned and start entry. Was on track in May: check that data-entry staff are in place. | O5: Not started
A6: P1 – No entries | B6: BANNU | C6: LALO ZAI | D6: 36101023 | E6: 120 | F6: 0 | G6: =IF(E6>0,F6/E6,"n/a") -> 0 | H6: =MAX(E6-F6,0) -> 120 | I6: =MAX(F6-E6,0) -> 0 | J6: 1 | K6: Newly declined | L6: No linelist entries yet. Confirm a data-entry person is assigned and start entry. Was on track in May: check that data-entry staff are in place. | O6: Not started
A7: P1 – No entries | B7: KAKKI | C7: NAR SHUKRULLAH | D7: 36106006 | E7: 111 | F7: 0 | G7: =IF(E7>0,F7/E7,"n/a") -> 0 | H7: =MAX(E7-F7,0) -> 111 | I7: =MAX(F7-E7,0) -> 0 | J7: 1.053 | K7: Newly declined | L7: No linelist entries yet. Confirm a data-entry person is assigned and start entry. Was on track in May: check that data-entry staff are in place. | O7: Not started
A8: P1 – No entries | B8: DOMEL | C8: BIZEN KHEL 1 | D8: 36105003 | E8: 89 | F8: 0 | G8: =IF(E8>0,F8/E8,"n/a") -> 0 | H8: =MAX(E8-F8,0) -> 89 | I8: =MAX(F8-E8,0) -> 0 | J8: 0 | K8: Persistent low | L8: No linelist entries yet. Confirm a data-entry person is assigned and start entry. Low in May too: repeat problem, escalate to district. | O8: Not started
A9: P3 – Verify: over-entry | B9: DOMEL | C9: ASPERKA WAZIRAN | D9: 36105002 | E9: 60 | F9: 174 | G9: =IF(E9>0,F9/E9,"n/a") -> 2.9 | H9: =MAX(E9-F9,0) -> 0 | I9: =MAX(F9-E9,0) -> 114 | J9: 0 | K9: Recovered | L9: Entries exceed the IDIMS figure by more than 10%. Check for duplicate entries and cross-check the IDIMS number. | O9: Not started
A10: P3 – Verify: over-entry | B10: KAKKI | C10: KAKKI 2 | D10: 36106003 | E10: 99 | F10: 212 | G10: =IF(E10>0,F10/E10,"n/a") -> 2.141 | H10: =MAX(E10-F10,0) -> 0 | I10: =MAX(F10-E10,0) -> 113 | J10: 0.568 | K10: Recovered | L10: Entries exceed the IDIMS figure by more than 10%. Check for duplicate entries and cross-check the IDIMS number. | O10: Not started
A11: P3 – Verify: over-entry | B11: BANNU | C11: SIKANDAR KHEL BALLA | D11: 36101033 | E11: 122 | F11: 157 | G11: =IF(E11>0,F11/E11,"n/a") -> 1.287 | H11: =MAX(E11-F11,0) -> 0 | I11: =MAX(F11-E11,0) -> 35 | J11: 0.556 | K11: Recovered | L11: Entries exceed the IDIMS figure by more than 10%. Check for duplicate entries and cross-check the IDIMS number. | O11: Not started
A12: P3 – Verify: over-entry | B12: BAKAKHEL | C12: MOMAND KHEL | D12: 36103005 | E12: 77 | F12: 110 | G12: =IF(E12>0,F12/E12,"n/a") -> 1.429 | H12: =MAX(E12-F12,0) -> 0 | I12: =MAX(F12-E12,0) -> 33 | J12: 1.011 | K12: Stable (80%+ both) | L12: Entries exceed the IDIMS figure by more than 10%. Check for duplicate entries and cross-check the IDIMS number. | O12: Not started
A13: P3 – Verify: over-entry | B13: WAZIR | C13: HINDI KHEL | D13: 36102011 | E13: 24 | F13: 39 | G13: =IF(E13>0,F13/E13,"n/a") -> 1.625 | H13: =MAX(E13-F13,0) -> 0 | I13: =MAX(F13-E13,0) -> 15 | J13: 1 | K13: Stable (80%+ both) | L13: Entries exceed the IDIMS figure by more than 10%. Check for duplicate entries and cross-check the IDIMS number. | O13: Not started
A14: P3 – Verify: over-entry | B14: WAZIR | C14: SAIN TANGA | D14: 36102006 | E14: 16 | F14: 29 | G14: =IF(E14>0,F14/E14,"n/a") -> 1.812 | H14: =MAX(E14-F14,0) -> 0 | I14: =MAX(F14-E14,0) -> 13 | J14: 0.864 | K14: Stable (80%+ both) | L14: Entries exceed the IDIMS figure by more than 10%. Check for duplicate entries and cross-check the IDIMS number. | O14: Not started
A15: P3 – Verify: over-entry | B15: BAKAKHEL | C15: NARMI KHEL | D15: 36103006 | E15: 10 | F15: 22 | G15: =IF(E15>0,F15/E15,"n/a") -> 2.2 | H15: =MAX(E15-F15,0) -> 0 | I15: =MAX(F15-E15,0) -> 12 | J15: 0 | K15: Recovered | L15: Entries exceed the IDIMS figure by more than 10%. Check for duplicate entries and cross-check the IDIMS number. | O15: Not started
A16: P3 – Verify: over-entry | B16: BANNU | C16: DAUD SHAH | D16: 36101009 | E16: 61 | F16: 69 | G16: =IF(E16>0,F16/E16,"n/a") -> 1.131 | H16: =MAX(E16-F16,0) -> 0 | I16: =MAX(F16-E16,0) -> 8 | J16: 0.809 | K16: Stable (80%+ both) | L16: Entries exceed the IDIMS figure by more than 10%. Check for duplicate entries and cross-check the IDIMS number. | O16: Not started
... A27: P4 – Low (50–80%) | B27: WAZIR | C27: ZARWAM | D27: 36102005 | E27: 48 | F27: 32 | G27: =IF(E27>0,F27/E27,"n/a") -> 0.667 | H27: =MAX(E27-F27,0) -> 16 | I27: =MAX(F27-E27,0) -> 0 | J27: 0 | K27: Persistent low | L27: Complete the remaining linelist entries. Also remove 3 duplicate record(s). Low in May too: repeat problem, escalate to district. | O27: Not started

Sheet DIKHAN
A1: DIKHAN – Zero Dose Linelist Follow-up (SNID Sept 2026)
A2: District completion 5,010 of 5,284 = 94.8% · 12 of 53 UCs need follow-up · 247 children still to enter · 3 persistent low since May · Please fill the green columns and return
A4: Priority | B4: Tehsil | C4: UC | D4: UC Code | E4: ZD Reported | F4: ZD Linelist | G4: Completion % | H4: Children to enter | I4: Excess entries | J4: May completion % | K4: Trend May→Sept | L4: Action required | M4: Responsible person | N4: Target date | O4: Status | P4: Remarks
A5: P1 – No entries | B5: DRABAN | C5: GARA ESSA KHAN | D5: 36003001 | E5: 92 | F5: 0 | G5: =IF(E5>0,F5/E5,"n/a") -> 0 | H5: =MAX(E5-F5,0) -> 92 | I5: =MAX(F5-E5,0) -> 0 | J5: 0.966 | K5: Newly declined | L5: No linelist entries yet. Confirm a data-entry person is assigned and start entry. Was on track in May: check that data-entry staff are in place. | O5: Not started
A6: P1 – No entries | B6: DARAZINDA | C6: KOHI BAHARA | D6: 36008004 | E6: 5 | F6: 0 | G6: =IF(E6>0,F6/E6,"n/a") -> 0 | H6: =MAX(E6-F6,0) -> 5 | I6: =MAX(F6-E6,0) -> 0 | J6: 2 | K6: Newly declined | L6: No linelist entries yet. Confirm a data-entry person is assigned and start entry. Was on track in May: check that data-entry staff are in place. | O6: Not started
A7: P2 – Critical (<50%) | B7: KULACHI | C7: LOONI | D7: 36005004 | E7: 38 | F7: 16 | G7: =IF(E7>0,F7/E7,"n/a") -> 0.421 | H7: =MAX(E7-F7,0) -> 22 | I7: =MAX(F7-E7,0) -> 0 | J7: 1 | K7: Newly declined | L7: Less than half entered. Complete the remaining linelist entries. Was on track in May: check that data-entry staff are in place. | O7: Not started
A8: P2 – Critical (<50%) | B8: DERA ISMAIL KHAN | C8: DERA CITY-I | D8: 36002002 | E8: 22 | F8: 10 | G8: =IF(E8>0,F8/E8,"n/a") -> 0.455 | H8: =MAX(E8-F8,0) -> 12 | I8: =MAX(F8-E8,0) -> 0 | J8: 0.333 | K8: Persistent low | L8: Less than half entered. Complete the remaining linelist entries. Low in May too: repeat problem, escalate to district. | O8: Not started
A9: P3 – Verify: over-entry | B9: DERA ISMAIL KHAN | C9: KURAI | D9: 36002014 | E9: 118 | F9: 136 | G9: =IF(E9>0,F9/E9,"n/a") -> 1.153 | H9: =MAX(E9-F9,0) -> 0 | I9: =MAX(F9-E9,0) -> 18 | J9: 0.967 | K9: Stable (80%+ both) | L9: Entries exceed the IDIMS figure by more than 10%. Check for duplicate entries and cross-check the IDIMS number. | O9: Not started
A10: P3 – Verify: over-entry | B10: DARAZINDA | C10: MORGA | D10: 36008005 | E10: 24 | F10: 30 | G10: =IF(E10>0,F10/E10,"n/a") -> 1.25 | H10: =MAX(E10-F10,0) -> 0 | I10: =MAX(F10-E10,0) -> 6 | J10: 1 | K10: Stable (80%+ both) | L10: Entries exceed the IDIMS figure by more than 10%. Check for duplicate entries and cross-check the IDIMS number. | O10: Not started
A11: P3 – Verify: duplicates | B11: PHARPUR | C11: KOTJAI | D11: 36007005 | E11: 86 | F11: 88 | G11: =IF(E11>0,F11/E11,"n/a") -> 1.023 | H11: =MAX(E11-F11,0) -> 0 | I11: =MAX(F11-E11,0) -> 2 | J11: 1 | K11: Stable (80%+ both) | L11: Duplicate records flagged in the report. Review and remove duplicates. | O11: Not started
A12: P4 – Low (50–80%) | B12: DERA ISMAIL KHAN | C12: RATTA KULACHI | D12: 36002017 | E12: 170 | F12: 132 | G12: =IF(E12>0,F12/E12,"n/a") -> 0.776 | H12: =MAX(E12-F12,0) -> 38 | I12: =MAX(F12-E12,0) -> 0 | J12: 1 | K12: Newly declined | L12: Complete the remaining linelist entries. Was on track in May: check that data-entry staff are in place. | O12: Not started
A13: P4 – Low (50–80%) | B13: DERA ISMAIL KHAN | C13: CHEHKAN | D13: 36002001 | E13: 140 | F13: 105 | G13: =IF(E13>0,F13/E13,"n/a") -> 0.75 | H13: =MAX(E13-F13,0) -> 35 | I13: =MAX(F13-E13,0) -> 0 | J13: 0.89 | K13: Newly declined | L13: Complete the remaining linelist entries. Was on track in May: check that data-entry staff are in place. | O13: Not started
A14: P4 – Low (50–80%) | B14: DERA ISMAIL KHAN | C14: DERA CITY-V | D14: 36002006 | E14: 72 | F14: 49 | G14: =IF(E14>0,F14/E14,"n/a") -> 0.681 | H14: =MAX(E14-F14,0) -> 23 | I14: =MAX(F14-E14,0) -> 0 | J14: 0.532 | K14: Persistent low | L14: Complete the remaining linelist entries. Low in May too: repeat problem, escalate to district. | O14: Not started
A15: P4 – Low (50–80%) | B15: DERA ISMAIL KHAN | C15: DERA CITY-II | D15: 36002003 | E15: 57 | F15: 45 | G15: =IF(E15>0,F15/E15,"n/a") -> 0.789 | H15: =MAX(E15-F15,0) -> 12 | I15: =MAX(F15-E15,0) -> 0 | J15: 0.455 | K15: Persistent low | L15: Complete the remaining linelist entries. Low in May too: repeat problem, escalate to district. | O15: Not started
A16: P4 – Low (50–80%) | B16: DERA ISMAIL KHAN | C16: DERA CITY-III | D16: 36002004 | E16: 25 | F16: 17 | G16: =IF(E16>0,F16/E16,"n/a") -> 0.68 | H16: =MAX(E16-F16,0) -> 8 | I16: =MAX(F16-E16,0) -> 0 | J16: 0.846 | K16: Newly declined | L16: Complete the remaining linelist entries. Was on track in May: check that data-entry staff are in place. | O16: Not started

Sheet KHYBER
A1: KHYBER – Zero Dose Linelist Follow-up (SNID Sept 2026)
A2: District completion 1,863 of 1,850 = 100.7% · 9 of 53 UCs need follow-up · 35 children still to enter · 0 persistent low since May · Please fill the green columns and return
A4: Priority | B4: Tehsil | C4: UC | D4: UC Code | E4: ZD Reported | F4: ZD Linelist | G4: Completion % | H4: Children to enter | I4: Excess entries | J4: May completion % | K4: Trend May→Sept | L4: Action required | M4: Responsible person | N4: Target date | O4: Status | P4: Remarks
A5: P1 – No entries | B5: TIRAH MAIDAN | C5: PAGDARA | D5: 33405009 | E5: 3 | F5: 0 | G5: =IF(E5>0,F5/E5,"n/a") -> 0 | H5: =MAX(E5-F5,0) -> 3 | I5: =MAX(F5-E5,0) -> 0 | J5: 1 | K5: Newly declined | L5: No linelist entries yet. Confirm a data-entry person is assigned and start entry. Was on track in May: check that data-entry staff are in place. | O5: Not started
A6: P3 – Verify: over-entry | B6: BARA | C6: AJAB TALAB | D6: 33401103 | E6: 72 | F6: 89 | G6: =IF(E6>0,F6/E6,"n/a") -> 1.236 | H6: =MAX(E6-F6,0) -> 0 | I6: =MAX(F6-E6,0) -> 17 | J6: 0.957 | K6: Stable (80%+ both) | L6: Entries exceed the IDIMS figure by more than 10%. Check for duplicate entries and cross-check the IDIMS number. | O6: Not started
A7: P3 – Verify: over-entry | B7: LANDI KOTAL | C7: MIRDAD KHEL | D7: 33404069 | E7: 48 | F7: 63 | G7: =IF(E7>0,F7/E7,"n/a") -> 1.312 | H7: =MAX(E7-F7,0) -> 0 | I7: =MAX(F7-E7,0) -> 15 | J7: 0.951 | K7: Stable (80%+ both) | L7: Entries exceed the IDIMS figure by more than 10%. Check for duplicate entries and cross-check the IDIMS number. | O7: Not started
A8: P3 – Verify: no IDIMS figure | B8: TIRAH MAIDAN | C8: SHALOBAR TIRAH | D8: 33405006 | E8: 0 | F8: 9 | G8: =IF(E8>0,F8/E8,"n/a") -> n/a | H8: =MAX(E8-F8,0) -> 0 | I8: =MAX(F8-E8,0) -> 9 | J8: n/a | K8: Not comparable | L8: Linelist has entries but IDIMS reports 0 ZDs. Verify IDIMS reporting for this UC. | O8: Not started
A9: P3 – Verify: no IDIMS figure | B9: TIRAH MAIDAN | C9: ZAKHAKHEL TIRAH | D9: 33405007 | E9: 0 | F9: 6 | G9: =IF(E9>0,F9/E9,"n/a") -> n/a | H9: =MAX(E9-F9,0) -> 0 | I9: =MAX(F9-E9,0) -> 6 | J9: n/a | K9: Not comparable | L9: Linelist has entries but IDIMS reports 0 ZDs. Verify IDIMS reporting for this UC. | O9: Not started
A10: P3 – Verify: over-entry | B10: BARA | C10: MILWARD B | D10: 33401114 | E10: 30 | F10: 33 | G10: =IF(E10>0,F10/E10,"n/a") -> 1.1 | H10: =MAX(E10-F10,0) -> 0 | I10: =MAX(F10-E10,0) -> 3 | J10: 1 | K10: Stable (80%+ both) | L10: Entries exceed the IDIMS figure by more than 10%. Check for duplicate entries and cross-check the IDIMS number. | O10: Not started
A11: P3 – Verify: over-entry | B11: LANDI KOTAL | C11: TORKHAM | D11: 33404078 | E11: 13 | F11: 16 | G11: =IF(E11>0,F11/E11,"n/a") -> 1.231 | H11: =MAX(E11-F11,0) -> 0 | I11: =MAX(F11-E11,0) -> 3 | J11: 0.286 | K11: Recovered | L11: Entries exceed the IDIMS figure by more than 10%. Check for duplicate entries and cross-check the IDIMS number. | O11: Not started
A12: P4 – Low (50–80%) | B12: LANDI KOTAL | C12: LOE SHALMAN A | D12: 33404067 | E12: 65 | F12: 46 | G12: =IF(E12>0,F12/E12,"n/a") -> 0.708 | H12: =MAX(E12-F12,0) -> 19 | I12: =MAX(F12-E12,0) -> 0 | J12: 1.026 | K12: Newly declined | L12: Complete the remaining linelist entries. Was on track in May: check that data-entry staff are in place. | O12: Not started
A13: P4 – Low (50–80%) | B13: LANDI KOTAL | C13: LOE SHALMAN B | D13: 33404068 | E13: 60 | F13: 47 | G13: =IF(E13>0,F13/E13,"n/a") -> 0.783 | H13: =MAX(E13-F13,0) -> 13 | I13: =MAX(F13-E13,0) -> 0 | J13: 1 | K13: Newly declined | L13: Complete the remaining linelist entries. Was on track in May: check that data-entry staff are in place. | O13: Not started

Sheet LAKKIMRWT
A1: LAKKIMRWT – Zero Dose Linelist Follow-up (SNID Sept 2026)
A2: District completion 4,560 of 4,555 = 100.1% · 10 of 40 UCs need follow-up · 139 children still to enter · 0 persistent low since May · Please fill the green columns and return
A4: Priority | B4: Tehsil | C4: UC | D4: UC Code | E4: ZD Reported | F4: ZD Linelist | G4: Completion % | H4: Children to enter | I4: Excess entries | J4: May completion % | K4: Trend May→Sept | L4: Action required | M4: Responsible person | N4: Target date | O4: Status | P4: Remarks
A5: P3 – Verify: over-entry | B5: BETTANI | C5: CHECHANDI SAMAN | D5: 36204007 | E5: 55 | F5: 99 | G5: =IF(E5>0,F5/E5,"n/a") -> 1.8 | H5: =MAX(E5-F5,0) -> 0 | I5: =MAX(F5-E5,0) -> 44 | J5: 1 | K5: Stable (80%+ both) | L5: Entries exceed the IDIMS figure by more than 10%. Check for duplicate entries and cross-check the IDIMS number. | O5: Not started
A6: P3 – Verify: over-entry | B6: SERAI NAURANG | C6: BAKHMAL AHMAD ZAI | D6: 36203022 | E6: 120 | F6: 146 | G6: =IF(E6>0,F6/E6,"n/a") -> 1.217 | H6: =MAX(E6-F6,0) -> 0 | I6: =MAX(F6-E6,0) -> 26 | J6: 1 | K6: Stable (80%+ both) | L6: Entries exceed the IDIMS figure by more than 10%. Check for duplicate entries and cross-check the IDIMS number. | O6: Not started
A7: P3 – Verify: over-entry | B7: BETTANI | C7: SHEMALA | D7: 36204005 | E7: 168 | F7: 185 | G7: =IF(E7>0,F7/E7,"n/a") -> 1.101 | H7: =MAX(E7-F7,0) -> 0 | I7: =MAX(F7-E7,0) -> 17 | J7: 1 | K7: Stable (80%+ both) | L7: Entries exceed the IDIMS figure by more than 10%. Check for duplicate entries and cross-check the IDIMS number. | O7: Not started
A8: P3 – Verify: over-entry | B8: BETTANI | C8: GABBAR BAGH | D8: 36204011 | E8: 44 | F8: 57 | G8: =IF(E8>0,F8/E8,"n/a") -> 1.295 | H8: =MAX(E8-F8,0) -> 0 | I8: =MAX(F8-E8,0) -> 13 | J8: 1 | K8: Stable (80%+ both) | L8: Entries exceed the IDIMS figure by more than 10%. Check for duplicate entries and cross-check the IDIMS number. | O8: Not started
A9: P3 – Verify: over-entry | B9: BETTANI | C9: WATEEN SAR | D9: 36204009 | E9: 17 | F9: 21 | G9: =IF(E9>0,F9/E9,"n/a") -> 1.235 | H9: =MAX(E9-F9,0) -> 0 | I9: =MAX(F9-E9,0) -> 4 | J9: 1 | K9: Stable (80%+ both) | L9: Entries exceed the IDIMS figure by more than 10%. Check for duplicate entries and cross-check the IDIMS number. | O9: Not started
A10: P4 – Low (50–80%) | B10: LAKKI MARWAT | C10: AHMADKHEL | D10: 36202023 | E10: 85 | F10: 47 | G10: =IF(E10>0,F10/E10,"n/a") -> 0.553 | H10: =MAX(E10-F10,0) -> 38 | I10: =MAX(F10-E10,0) -> 0 | J10: 1 | K10: Newly declined | L10: Complete the remaining linelist entries. Was on track in May: check that data-entry staff are in place. | O10: Not started
A11: P4 – Low (50–80%) | B11: LAKKI MARWAT | C11: DERATANG | D11: 36202030 | E11: 138 | F11: 110 | G11: =IF(E11>0,F11/E11,"n/a") -> 0.797 | H11: =MAX(E11-F11,0) -> 28 | I11: =MAX(F11-E11,0) -> 0 | J11: 1 | K11: Newly declined | L11: Complete the remaining linelist entries. Was on track in May: check that data-entry staff are in place. | O11: Not started
A12: P4 – Low (50–80%) | B12: GHAZNI KHEL | C12: GHAZNIKHEL | D12: 36205003 | E12: 110 | F12: 84 | G12: =IF(E12>0,F12/E12,"n/a") -> 0.764 | H12: =MAX(E12-F12,0) -> 26 | I12: =MAX(F12-E12,0) -> 0 | J12: 1 | K12: Newly declined | L12: Complete the remaining linelist entries. Was on track in May: check that data-entry staff are in place. | O12: Not started
A13: P4 – Low (50–80%) | B13: LAKKI MARWAT | C13: BEGOKHEL | D13: 36202028 | E13: 110 | F13: 86 | G13: =IF(E13>0,F13/E13,"n/a") -> 0.782 | H13: =MAX(E13-F13,0) -> 24 | I13: =MAX(F13-E13,0) -> 0 | J13: 1 | K13: Newly declined | L13: Complete the remaining linelist entries. Was on track in May: check that data-entry staff are in place. | O13: Not started
A14: P4 – Low (50–80%) | B14: SERAI NAURANG | C14: GANDI | D14: 36203014 | E14: 55 | F14: 32 | G14: =IF(E14>0,F14/E14,"n/a") -> 0.582 | H14: =MAX(E14-F14,0) -> 23 | I14: =MAX(F14-E14,0) -> 0 | J14: 1 | K14: Newly declined | L14: Complete the remaining linelist entries. Was on track in May: check that data-entry staff are in place. | O14: Not started

Sheet PESHAWAR
A1: PESHAWAR – Zero Dose Linelist Follow-up (SNID Sept 2026)
A2: District completion 12,681 of 13,547 = 93.6% · 16 of 103 UCs need follow-up · 1,010 children still to enter · 9 persistent low since May · Please fill the green columns and return
A4: Priority | B4: Tehsil | C4: UC | D4: UC Code | E4: ZD Reported | F4: ZD Linelist | G4: Completion % | H4: Children to enter | I4: Excess entries | J4: May completion % | K4: Trend May→Sept | L4: Action required | M4: Responsible person | N4: Target date | O4: Status | P4: Remarks
A5: P1 – No entries | B5: CITY | C5: TEHKAL PAYAN | D5: 33004031 | E5: 353 | F5: 0 | G5: =IF(E5>0,F5/E5,"n/a") -> 0 | H5: =MAX(E5-F5,0) -> 353 | I5: =MAX(F5-E5,0) -> 0 | J5: 0.086 | K5: Persistent low | L5: No linelist entries yet. Confirm a data-entry person is assigned and start entry. Low in May too: repeat problem, escalate to district. | O5: Not started
A6: P1 – No entries | B6: SMT | C6: NOTHIA JADEED | D6: 33008010 | E6: 144 | F6: 0 | G6: =IF(E6>0,F6/E6,"n/a") -> 0 | H6: =MAX(E6-F6,0) -> 144 | I6: =MAX(F6-E6,0) -> 0 | J6: 0.388 | K6: Persistent low | L6: No linelist entries yet. Confirm a data-entry person is assigned and start entry. Low in May too: repeat problem, escalate to district. | O6: Not started
A7: P1 – No entries | B7: CITY | C7: TEHKAL PAYAN 2 IRRIG | D7: 33004032 | E7: 109 | F7: 0 | G7: =IF(E7>0,F7/E7,"n/a") -> 0 | H7: =MAX(E7-F7,0) -> 109 | I7: =MAX(F7-E7,0) -> 0 | J7: 0.4 | K7: Persistent low | L7: No linelist entries yet. Confirm a data-entry person is assigned and start entry. Low in May too: repeat problem, escalate to district. | O7: Not started
A8: P1 – No entries | B8: HASSAN KHEL | C8: FARIDI | D8: 33003001 | E8: 18 | F8: 0 | G8: =IF(E8>0,F8/E8,"n/a") -> 0 | H8: =MAX(E8-F8,0) -> 18 | I8: =MAX(F8-E8,0) -> 0 | J8: 1 | K8: Newly declined | L8: No linelist entries yet. Confirm a data-entry person is assigned and start entry. Was on track in May: check that data-entry staff are in place. | O8: Not started
A9: P1 – No entries | B9: CITY | C9: CANTT WARD 4 | D9: 33004006 | E9: 4 | F9: 0 | G9: =IF(E9>0,F9/E9,"n/a") -> 0 | H9: =MAX(E9-F9,0) -> 4 | I9: =MAX(F9-E9,0) -> 0 | J9: 1 | K9: Newly declined | L9: No linelist entries yet. Confirm a data-entry person is assigned and start entry. Was on track in May: check that data-entry staff are in place. | O9: Not started
A10: P3 – Verify: over-entry | B10: SADDAR | C10: SUREZAI PAYAN | D10: 33006012 | E10: 102 | F10: 253 | G10: =IF(E10>0,F10/E10,"n/a") -> 2.48 | H10: =MAX(E10-F10,0) -> 0 | I10: =MAX(F10-E10,0) -> 151 | J10: 0.432 | K10: Recovered | L10: Entries exceed the IDIMS figure by more than 10%. Check for duplicate entries and cross-check the IDIMS number. | O10: Not started
A11: P3 – Verify: over-entry | B11: SMT | C11: SHAHEEN MUSLIM TWN1 | D11: 33008012 | E11: 143 | F11: 278 | G11: =IF(E11>0,F11/E11,"n/a") -> 1.944 | H11: =MAX(E11-F11,0) -> 0 | I11: =MAX(F11-E11,0) -> 135 | J11: 0.685 | K11: Recovered | L11: Entries exceed the IDIMS figure by more than 10%. Check for duplicate entries and cross-check the IDIMS number. | O11: Not started
A12: P3 – Verify: over-entry | B12: CITY | C12: TEHKAL BALA | D12: 33004030 | E12: 217 | F12: 240 | G12: =IF(E12>0,F12/E12,"n/a") -> 1.106 | H12: =MAX(E12-F12,0) -> 0 | I12: =MAX(F12-E12,0) -> 23 | J12: 0.364 | K12: Recovered | L12: Entries exceed the IDIMS figure by more than 10%. Check for duplicate entries and cross-check the IDIMS number. | O12: Not started
A13: P3 – Verify: over-entry | B13: CITY | C13: SHAHI BAGH | D13: 33004027 | E13: 30 | F13: 33 | G13: =IF(E13>0,F13/E13,"n/a") -> 1.1 | H13: =MAX(E13-F13,0) -> 0 | I13: =MAX(F13-E13,0) -> 3 | J13: 0.955 | K13: Stable (80%+ both) | L13: Entries exceed the IDIMS figure by more than 10%. Check for duplicate entries and cross-check the IDIMS number. | O13: Not started
A14: P4 – Low (50–80%) | B14: MATTANI | C14: SHEIKHAN | D14: 33005008 | E14: 277 | F14: 146 | G14: =IF(E14>0,F14/E14,"n/a") -> 0.527 | H14: =MAX(E14-F14,0) -> 131 | I14: =MAX(F14-E14,0) -> 0 | J14: 0.32 | K14: Persistent low | L14: Complete the remaining linelist entries. Low in May too: repeat problem, escalate to district. | O14: Not started
A15: P4 – Low (50–80%) | B15: MATTANI | C15: SARBAND | D15: 33005006 | E15: 298 | F15: 189 | G15: =IF(E15>0,F15/E15,"n/a") -> 0.634 | H15: =MAX(E15-F15,0) -> 109 | I15: =MAX(F15-E15,0) -> 0 | J15: 0.45 | K15: Persistent low | L15: Complete the remaining linelist entries. Low in May too: repeat problem, escalate to district. | O15: Not started
A16: P4 – Low (50–80%) | B16: MATTANI | C16: SHEIKH MOHAMMADI | D16: 33005007 | E16: 215 | F16: 151 | G16: =IF(E16>0,F16/E16,"n/a") -> 0.702 | H16: =MAX(E16-F16,0) -> 64 | I16: =MAX(F16-E16,0) -> 0 | J16: 0.227 | K16: Persistent low | L16: Complete the remaining linelist entries. Low in May too: repeat problem, escalate to district. | O16: Not started
... A20: P4 – Low (50–80%) | B20: CITY | C20: CANTT WARD 3 | D20: 33004005 | E20: 8 | F20: 5 | G20: =IF(E20>0,F20/E20,"n/a") -> 0.625 | H20: =MAX(E20-F20,0) -> 3 | I20: =MAX(F20-E20,0) -> 0 | J20: 1 | K20: Newly declined | L20: Complete the remaining linelist entries. Was on track in May: check that data-entry staff are in place. | O20: Not started

Sheet TANK
A1: TANK – Zero Dose Linelist Follow-up (SNID Sept 2026)
A2: District completion 871 of 967 = 90.1% · 7 of 22 UCs need follow-up · 150 children still to enter · 0 persistent low since May · Please fill the green columns and return
A4: Priority | B4: Tehsil | C4: UC | D4: UC Code | E4: ZD Reported | F4: ZD Linelist | G4: Completion % | H4: Children to enter | I4: Excess entries | J4: May completion % | K4: Trend May→Sept | L4: Action required | M4: Responsible person | N4: Target date | O4: Status | P4: Remarks
A5: P1 – No entries | B5: TANK | C5: DABARA | D5: 36302002 | E5: 81 | F5: 0 | G5: =IF(E5>0,F5/E5,"n/a") -> 0 | H5: =MAX(E5-F5,0) -> 81 | I5: =MAX(F5-E5,0) -> 0 | J5: 1.118 | K5: Newly declined | L5: No linelist entries yet. Confirm a data-entry person is assigned and start entry. Was on track in May: check that data-entry staff are in place. | O5: Not started
A6: P1 – No entries | B6: JANDOLA | C6: PING A | D6: 36303004 | E6: 7 | F6: 0 | G6: =IF(E6>0,F6/E6,"n/a") -> 0 | H6: =MAX(E6-F6,0) -> 7 | I6: =MAX(F6-E6,0) -> 0 | J6: 1 | K6: Newly declined | L6: No linelist entries yet. Confirm a data-entry person is assigned and start entry. Was on track in May: check that data-entry staff are in place. | O6: Not started
A7: P1 – No entries | B7: JANDOLA | C7: PIR TANGY | D7: 36303006 | E7: 4 | F7: 0 | G7: =IF(E7>0,F7/E7,"n/a") -> 0 | H7: =MAX(E7-F7,0) -> 4 | I7: =MAX(F7-E7,0) -> 0 | J7: 1 | K7: Newly declined | L7: No linelist entries yet. Confirm a data-entry person is assigned and start entry. Was on track in May: check that data-entry staff are in place. | O7: Not started
A8: P2 – Critical (<50%) | B8: TANK | C8: AMAKHEL | D8: 36302001 | E8: 62 | F8: 15 | G8: =IF(E8>0,F8/E8,"n/a") -> 0.242 | H8: =MAX(E8-F8,0) -> 47 | I8: =MAX(F8-E8,0) -> 0 | J8: 0.97 | K8: Newly declined | L8: Less than half entered. Complete the remaining linelist entries. Was on track in May: check that data-entry staff are in place. | O8: Not started
A9: P3 – Verify: over-entry | B9: TANK | C9: SARANGZOONA | D9: 36302010 | E9: 18 | F9: 88 | G9: =IF(E9>0,F9/E9,"n/a") -> 4.889 | H9: =MAX(E9-F9,0) -> 0 | I9: =MAX(F9-E9,0) -> 70 | J9: 0.583 | K9: Recovered | L9: Entries exceed the IDIMS figure by more than 10%. Check for duplicate entries and cross-check the IDIMS number. | O9: Not started
A10: P4 – Low (50–80%) | B10: TANK | C10: WARASPOON | D10: 36302016 | E10: 18 | F10: 12 | G10: =IF(E10>0,F10/E10,"n/a") -> 0.667 | H10: =MAX(E10-F10,0) -> 6 | I10: =MAX(F10-E10,0) -> 0 | J10: 1 | K10: Newly declined | L10: Complete the remaining linelist entries. Was on track in May: check that data-entry staff are in place. | O10: Not started
A11: P4 – Low (50–80%) | B11: JANDOLA | C11: PING B | D11: 36303005 | E11: 23 | F11: 18 | G11: =IF(E11>0,F11/E11,"n/a") -> 0.783 | H11: =MAX(E11-F11,0) -> 5 | I11: =MAX(F11-E11,0) -> 0 | J11: 1 | K11: Newly declined | L11: Complete the remaining linelist entries. Was on track in May: check that data-entry staff are in place. | O11: Not started

Sheet WAZIR-N
A1: WAZIR-N – Zero Dose Linelist Follow-up (SNID Sept 2026)
A2: District completion 537 of 492 = 109.1% · 15 of 23 UCs need follow-up · 155 children still to enter · 0 persistent low since May · Please fill the green columns and return
A4: Priority | B4: Tehsil | C4: UC | D4: UC Code | E4: ZD Reported | F4: ZD Linelist | G4: Completion % | H4: Children to enter | I4: Excess entries | J4: May completion % | K4: Trend May→Sept | L4: Action required | M4: Responsible person | N4: Target date | O4: Status | P4: Remarks
A5: P1 – No entries | B5: DATTAKHEL | C5: DATTA KHEL 3 | D5: 36404003 | E5: 29 | F5: 0 | G5: =IF(E5>0,F5/E5,"n/a") -> 0 | H5: =MAX(E5-F5,0) -> 29 | I5: =MAX(F5-E5,0) -> 0 | J5: 1 | K5: Newly declined | L5: No linelist entries yet. Confirm a data-entry person is assigned and start entry. Was on track in May: check that data-entry staff are in place. | O5: Not started
A6: P1 – No entries | B6: MIR ALI | C6: MIR ALI 7 | D6: 36401038 | E6: 28 | F6: 0 | G6: =IF(E6>0,F6/E6,"n/a") -> 0 | H6: =MAX(E6-F6,0) -> 28 | I6: =MAX(F6-E6,0) -> 0 | J6: 1 | K6: Newly declined | L6: No linelist entries yet. Confirm a data-entry person is assigned and start entry. Was on track in May: check that data-entry staff are in place. | O6: Not started
A7: P1 – No entries | B7: MIR ALI | C7: MIR ALI 5 | D7: 36401036 | E7: 24 | F7: 0 | G7: =IF(E7>0,F7/E7,"n/a") -> 0 | H7: =MAX(E7-F7,0) -> 24 | I7: =MAX(F7-E7,0) -> 0 | J7: 1 | K7: Newly declined | L7: No linelist entries yet. Confirm a data-entry person is assigned and start entry. Was on track in May: check that data-entry staff are in place. | O7: Not started
A8: P1 – No entries | B8: SPINWAM | C8: SPINWAM 2 | D8: 36409002 | E8: 9 | F8: 0 | G8: =IF(E8>0,F8/E8,"n/a") -> 0 | H8: =MAX(E8-F8,0) -> 9 | I8: =MAX(F8-E8,0) -> 0 | J8: n/a | K8: Not comparable | L8: No linelist entries yet. Confirm a data-entry person is assigned and start entry. | O8: Not started
A9: P1 – No entries | B9: SHAWA | C9: SHAWA 1 | D9: 36408001 | E9: 8 | F9: 0 | G9: =IF(E9>0,F9/E9,"n/a") -> 0 | H9: =MAX(E9-F9,0) -> 8 | I9: =MAX(F9-E9,0) -> 0 | J9: n/a | K9: Not comparable | L9: No linelist entries yet. Confirm a data-entry person is assigned and start entry. | O9: Not started
A10: P1 – No entries | B10: SHAWA | C10: SHAWA 2 | D10: 36408002 | E10: 5 | F10: 0 | G10: =IF(E10>0,F10/E10,"n/a") -> 0 | H10: =MAX(E10-F10,0) -> 5 | I10: =MAX(F10-E10,0) -> 0 | J10: n/a | K10: Not comparable | L10: No linelist entries yet. Confirm a data-entry person is assigned and start entry. | O10: Not started
A11: P2 – Critical (<50%) | B11: DATTAKHEL | C11: DATTA KHEL 1 | D11: 36404001 | E11: 32 | F11: 8 | G11: =IF(E11>0,F11/E11,"n/a") -> 0.25 | H11: =MAX(E11-F11,0) -> 24 | I11: =MAX(F11-E11,0) -> 0 | J11: 1 | K11: Newly declined | L11: Less than half entered. Complete the remaining linelist entries. Was on track in May: check that data-entry staff are in place. | O11: Not started
A12: P3 – Verify: over-entry | B12: MIRAN SHAH | C12: MIRAN SHAH 1 | D12: 36402042 | E12: 69 | F12: 165 | G12: =IF(E12>0,F12/E12,"n/a") -> 2.391 | H12: =MAX(E12-F12,0) -> 0 | I12: =MAX(F12-E12,0) -> 96 | J12: 1 | K12: Stable (80%+ both) | L12: Entries exceed the IDIMS figure by more than 10%. Check for duplicate entries and cross-check the IDIMS number. | O12: Not started
A13: P3 – Verify: no IDIMS figure | B13: MIR ALI | C13: MIR ALI 6 | D13: 36401037 | E13: 0 | F13: 52 | G13: =IF(E13>0,F13/E13,"n/a") -> n/a | H13: =MAX(E13-F13,0) -> 0 | I13: =MAX(F13-E13,0) -> 52 | J13: n/a | K13: Not comparable | L13: Linelist has entries but IDIMS reports 0 ZDs. Verify IDIMS reporting for this UC. | O13: Not started
A14: P3 – Verify: over-entry | B14: DATTAKHEL | C14: DATTA KHEL 2 | D14: 36404002 | E14: 74 | F14: 92 | G14: =IF(E14>0,F14/E14,"n/a") -> 1.243 | H14: =MAX(E14-F14,0) -> 0 | I14: =MAX(F14-E14,0) -> 18 | J14: 1 | K14: Stable (80%+ both) | L14: Entries exceed the IDIMS figure by more than 10%. Check for duplicate entries and cross-check the IDIMS number. | O14: Not started
A15: P3 – Verify: over-entry | B15: MIRAN SHAH | C15: MIRAN SHAH 2 | D15: 36402043 | E15: 22 | F15: 38 | G15: =IF(E15>0,F15/E15,"n/a") -> 1.727 | H15: =MAX(E15-F15,0) -> 0 | I15: =MAX(F15-E15,0) -> 16 | J15: 1 | K15: Stable (80%+ both) | L15: Entries exceed the IDIMS figure by more than 10%. Check for duplicate entries and cross-check the IDIMS number. | O15: Not started
A16: P3 – Verify: over-entry | B16: DOSSALI | C16: DOSALI 1 | D16: 36405001 | E16: 21 | F16: 29 | G16: =IF(E16>0,F16/E16,"n/a") -> 1.381 | H16: =MAX(E16-F16,0) -> 0 | I16: =MAX(F16-E16,0) -> 8 | J16: 1 | K16: Stable (80%+ both) | L16: Entries exceed the IDIMS figure by more than 10%. Check for duplicate entries and cross-check the IDIMS number. | O16: Not started
A17: P3 – Verify: no IDIMS figure | B17: DOSSALI | C17: DOSALI 2 | D17: 36405002 | E17: 0 | F17: 8 | G17: =IF(E17>0,F17/E17,"n/a") -> n/a | H17: =MAX(E17-F17,0) -> 0 | I17: =MAX(F17-E17,0) -> 8 | J17: 1 | K17: Not comparable | L17: Linelist has entries but IDIMS reports 0 ZDs. Verify IDIMS reporting for this UC. | O17: Not started
A18: P3 – Verify: over-entry | B18: MIR ALI | C18: MIR ALI 1 | D18: 36401032 | E18: 2 | F18: 5 | G18: =IF(E18>0,F18/E18,"n/a") -> 2.5 | H18: =MAX(E18-F18,0) -> 0 | I18: =MAX(F18-E18,0) -> 3 | J18: 1 | K18: Stable (80%+ both) | L18: Entries exceed the IDIMS figure by more than 10%. Check for duplicate entries and cross-check the IDIMS number. | O18: Not started
A19: P4 – Low (50–80%) | B19: MIRAN SHAH | C19: MIRAN SHAH 3 | D19: 36402044 | E19: 63 | F19: 35 | G19: =IF(E19>0,F19/E19,"n/a") -> 0.556 | H19: =MAX(E19-F19,0) -> 28 | I19: =MAX(F19-E19,0) -> 0 | J19: 1 | K19: Newly declined | L19: Complete the remaining linelist entries. Was on track in May: check that data-entry staff are in place. | O19: Not started

Sheet WAZIR-S Lower
A1: WAZIR-S Lower – Zero Dose Linelist Follow-up (SNID Sept 2026)
A2: District completion 517 of 572 = 90.4% · 20 of 36 UCs need follow-up · 112 children still to enter · 2 persistent low since May · Please fill the green columns and return
A4: Priority | B4: Tehsil | C4: UC | D4: UC Code | E4: ZD Reported | F4: ZD Linelist | G4: Completion % | H4: Children to enter | I4: Excess entries | J4: May completion % | K4: Trend May→Sept | L4: Action required | M4: Responsible person | N4: Target date | O4: Status | P4: Remarks
A5: P1 – No entries | B5: TOI KHULLA | C5: Zar Mellon | D5: 36703003 | E5: 32 | F5: 0 | G5: =IF(E5>0,F5/E5,"n/a") -> 0 | H5: =MAX(E5-F5,0) -> 32 | I5: =MAX(F5-E5,0) -> 0 | J5: 7 | K5: Newly declined | L5: No linelist entries yet. Confirm a data-entry person is assigned and start entry. Was on track in May: check that data-entry staff are in place. | O5: Not started
A6: P1 – No entries | B6: WANA | C6: Zari Noor | D6: 36704015 | E6: 27 | F6: 0 | G6: =IF(E6>0,F6/E6,"n/a") -> 0 | H6: =MAX(E6-F6,0) -> 27 | I6: =MAX(F6-E6,0) -> 0 | J6: 1 | K6: Newly declined | L6: No linelist entries yet. Confirm a data-entry person is assigned and start entry. Was on track in May: check that data-entry staff are in place. | O6: Not started
A7: P1 – No entries | B7: WANA | C7: Doag | D7: 36704002 | E7: 19 | F7: 0 | G7: =IF(E7>0,F7/E7,"n/a") -> 0 | H7: =MAX(E7-F7,0) -> 19 | I7: =MAX(F7-E7,0) -> 0 | J7: 1 | K7: Newly declined | L7: No linelist entries yet. Confirm a data-entry person is assigned and start entry. Was on track in May: check that data-entry staff are in place. | O7: Not started
A8: P1 – No entries | B8: BIRMAL | C8: Kham Rang | D8: 36701009 | E8: 10 | F8: 0 | G8: =IF(E8>0,F8/E8,"n/a") -> 0 | H8: =MAX(E8-F8,0) -> 10 | I8: =MAX(F8-E8,0) -> 0 | J8: 1 | K8: Newly declined | L8: No linelist entries yet. Confirm a data-entry person is assigned and start entry. Was on track in May: check that data-entry staff are in place. | O8: Not started
A9: P1 – No entries | B9: BIRMAL | C9: Wacha Dana | D9: 36701012 | E9: 6 | F9: 0 | G9: =IF(E9>0,F9/E9,"n/a") -> 0 | H9: =MAX(E9-F9,0) -> 6 | I9: =MAX(F9-E9,0) -> 0 | J9: 1 | K9: Newly declined | L9: No linelist entries yet. Confirm a data-entry person is assigned and start entry. Was on track in May: check that data-entry staff are in place. | O9: Not started
A10: P1 – No entries | B10: BIRMAL | C10: Dana | D10: 36701004 | E10: 4 | F10: 0 | G10: =IF(E10>0,F10/E10,"n/a") -> 0 | H10: =MAX(E10-F10,0) -> 4 | I10: =MAX(F10-E10,0) -> 0 | J10: 0.571 | K10: Persistent low | L10: No linelist entries yet. Confirm a data-entry person is assigned and start entry. Low in May too: repeat problem, escalate to district. | O10: Not started
A11: P3 – Verify: over-entry | B11: WANA | C11: Wana City | D11: 36704013 | E11: 29 | F11: 49 | G11: =IF(E11>0,F11/E11,"n/a") -> 1.69 | H11: =MAX(E11-F11,0) -> 0 | I11: =MAX(F11-E11,0) -> 20 | J11: 1.091 | K11: Stable (80%+ both) | L11: Entries exceed the IDIMS figure by more than 10%. Check for duplicate entries and cross-check the IDIMS number. | O11: Not started
A12: P3 – Verify: over-entry | B12: WANA | C12: Dob Kot | D12: 36704003 | E12: 11 | F12: 23 | G12: =IF(E12>0,F12/E12,"n/a") -> 2.091 | H12: =MAX(E12-F12,0) -> 0 | I12: =MAX(F12-E12,0) -> 12 | J12: 1 | K12: Stable (80%+ both) | L12: Entries exceed the IDIMS figure by more than 10%. Check for duplicate entries and cross-check the IDIMS number. | O12: Not started
A13: P3 – Verify: over-entry | B13: WANA | C13: Michan Baba | D13: 36704008 | E13: 13 | F13: 22 | G13: =IF(E13>0,F13/E13,"n/a") -> 1.692 | H13: =MAX(E13-F13,0) -> 0 | I13: =MAX(F13-E13,0) -> 9 | J13: 1 | K13: Stable (80%+ both) | L13: Entries exceed the IDIMS figure by more than 10%. Check for duplicate entries and cross-check the IDIMS number. | O13: Not started
A14: P3 – Verify: over-entry | B14: TOI KHULLA | C14: Gul Kach | D14: 36703001 | E14: 21 | F14: 28 | G14: =IF(E14>0,F14/E14,"n/a") -> 1.333 | H14: =MAX(E14-F14,0) -> 0 | I14: =MAX(F14-E14,0) -> 7 | J14: 1 | K14: Stable (80%+ both) | L14: Entries exceed the IDIMS figure by more than 10%. Check for duplicate entries and cross-check the IDIMS number. | O14: Not started
A15: P3 – Verify: over-entry | B15: WANA | C15: Tanai | D15: 36704011 | E15: 23 | F15: 28 | G15: =IF(E15>0,F15/E15,"n/a") -> 1.217 | H15: =MAX(E15-F15,0) -> 0 | I15: =MAX(F15-E15,0) -> 5 | J15: 1 | K15: Stable (80%+ both) | L15: Entries exceed the IDIMS figure by more than 10%. Check for duplicate entries and cross-check the IDIMS number. | O15: Not started
A16: P3 – Verify: over-entry | B16: BIRMAL | C16: Shulam | D16: 36701011 | E16: 16 | F16: 20 | G16: =IF(E16>0,F16/E16,"n/a") -> 1.25 | H16: =MAX(E16-F16,0) -> 0 | I16: =MAX(F16-E16,0) -> 4 | J16: 1 | K16: Stable (80%+ both) | L16: Entries exceed the IDIMS figure by more than 10%. Check for duplicate entries and cross-check the IDIMS number. | O16: Not started
A17: P3 – Verify: over-entry | B17: SHAKAI | C17: Mantoi | D17: 36702001 | E17: 5 | F17: 8 | G17: =IF(E17>0,F17/E17,"n/a") -> 1.6 | H17: =MAX(E17-F17,0) -> 0 | I17: =MAX(F17-E17,0) -> 3 | J17: 1 | K17: Stable (80%+ both) | L17: Entries exceed the IDIMS figure by more than 10%. Check for duplicate entries and cross-check the IDIMS number. | O17: Not started
A18: P3 – Verify: over-entry | B18: BIRMAL | C18: Azam Warsak A | D18: 36701002 | E18: 2 | F18: 4 | G18: =IF(E18>0,F18/E18,"n/a") -> 2 | H18: =MAX(E18-F18,0) -> 0 | I18: =MAX(F18-E18,0) -> 2 | J18: n/a | K18: Not comparable | L18: Entries exceed the IDIMS figure by more than 10%. Check for duplicate entries and cross-check the IDIMS number. | O18: Not started
A19: P3 – Verify: over-entry | B19: WANA | C19: Ghawa Khawa | D19: 36704004 | E19: 19 | F19: 21 | G19: =IF(E19>0,F19/E19,"n/a") -> 1.105 | H19: =MAX(E19-F19,0) -> 0 | I19: =MAX(F19-E19,0) -> 2 | J19: 1 | K19: Stable (80%+ both) | L19: Entries exceed the IDIMS figure by more than 10%. Check for duplicate entries and cross-check the IDIMS number. | O19: Not started
A20: P3 – Verify: over-entry | B20: BIRMAL | C20: Zhalai | D20: 36701013 | E20: 8 | F20: 9 | G20: =IF(E20>0,F20/E20,"n/a") -> 1.125 | H20: =MAX(E20-F20,0) -> 0 | I20: =MAX(F20-E20,0) -> 1 | J20: n/a | K20: Not comparable | L20: Entries exceed the IDIMS figure by more than 10%. Check for duplicate entries and cross-check the IDIMS number. | O20: Not started
A21: P3 – Verify: over-entry | B21: SHAKAI | C21: Sangtoi | D21: 36702002 | E21: 4 | F21: 5 | G21: =IF(E21>0,F21/E21,"n/a") -> 1.25 | H21: =MAX(E21-F21,0) -> 0 | I21: =MAX(F21-E21,0) -> 1 | J21: 1.125 | K21: Stable (80%+ both) | L21: Entries exceed the IDIMS figure by more than 10%. Check for duplicate entries and cross-check the IDIMS number. | O21: Not started
A22: P4 – Low (50–80%) | B22: WANA | C22: Spin | D22: 36704010 | E22: 24 | F22: 14 | G22: =IF(E22>0,F22/E22,"n/a") -> 0.583 | H22: =MAX(E22-F22,0) -> 10 | I22: =MAX(F22-E22,0) -> 0 | J22: 0 | K22: Persistent low | L22: Complete the remaining linelist entries. Low in May too: repeat problem, escalate to district. | O22: Not started
A23: P4 – Low (50–80%) | B23: BIRMAL | C23: Raghzai | D23: 36701007 | E23: 7 | F23: 4 | G23: =IF(E23>0,F23/E23,"n/a") -> 0.571 | H23: =MAX(E23-F23,0) -> 3 | I23: =MAX(F23-E23,0) -> 0 | J23: 1 | K23: Newly declined | L23: Complete the remaining linelist entries. Was on track in May: check that data-entry staff are in place. | O23: Not started
A24: P4 – Low (50–80%) | B24: WANA | C24: Samar Bagh | D24: 36704009 | E24: 3 | F24: 2 | G24: =IF(E24>0,F24/E24,"n/a") -> 0.667 | H24: =MAX(E24-F24,0) -> 1 | I24: =MAX(F24-E24,0) -> 0 | J24: 1 | K24: Newly declined | L24: Complete the remaining linelist entries. Was on track in May: check that data-entry staff are in place. | O24: Not started

Sheet WAZIR-S Upper
A1: WAZIR-S Upper – Zero Dose Linelist Follow-up (SNID Sept 2026)
A2: District completion 346 of 290 = 119.3% · 12 of 34 UCs need follow-up · 15 children still to enter · 1 persistent low since May · Please fill the green columns and return
A4: Priority | B4: Tehsil | C4: UC | D4: UC Code | E4: ZD Reported | F4: ZD Linelist | G4: Completion % | H4: Children to enter | I4: Excess entries | J4: May completion % | K4: Trend May→Sept | L4: Action required | M4: Responsible person | N4: Target date | O4: Status | P4: Remarks
A5: P1 – No entries | B5: Sararogha | C5: Wacha Khura | D5: 36603006 | E5: 6 | F5: 0 | G5: =IF(E5>0,F5/E5,"n/a") -> 0 | H5: =MAX(E5-F5,0) -> 6 | I5: =MAX(F5-E5,0) -> 0 | J5: n/a | K5: Not comparable | L5: No linelist entries yet. Confirm a data-entry person is assigned and start entry. | O5: Not started
A6: P1 – No entries | B6: Shawal | C6: Shawal | D6: 36606001 | E6: 5 | F6: 0 | G6: =IF(E6>0,F6/E6,"n/a") -> 0 | H6: =MAX(E6-F6,0) -> 5 | I6: =MAX(F6-E6,0) -> 0 | J6: n/a | K6: Not comparable | L6: No linelist entries yet. Confirm a data-entry person is assigned and start entry. | O6: Not started
A7: P1 – No entries | B7: Shaktoi | C7: Shaktoi | D7: 36605001 | E7: 2 | F7: 0 | G7: =IF(E7>0,F7/E7,"n/a") -> 0 | H7: =MAX(E7-F7,0) -> 2 | I7: =MAX(F7-E7,0) -> 0 | J7: n/a | K7: Not comparable | L7: No linelist entries yet. Confirm a data-entry person is assigned and start entry. | O7: Not started
A8: P3 – Verify: over-entry | B8: Sararogha | C8: Spinkai Raghzai | D8: 36603002 | E8: 66 | F8: 104 | G8: =IF(E8>0,F8/E8,"n/a") -> 1.576 | H8: =MAX(E8-F8,0) -> 0 | I8: =MAX(F8-E8,0) -> 38 | J8: 0 | K8: Recovered | L8: Entries exceed the IDIMS figure by more than 10%. Check for duplicate entries and cross-check the IDIMS number. | O8: Not started
A9: P3 – Verify: over-entry | B9: Ladha | C9: Badar | D9: 36601004 | E9: 16 | F9: 32 | G9: =IF(E9>0,F9/E9,"n/a") -> 2 | H9: =MAX(E9-F9,0) -> 0 | I9: =MAX(F9-E9,0) -> 16 | J9: n/a | K9: Not comparable | L9: Entries exceed the IDIMS figure by more than 10%. Check for duplicate entries and cross-check the IDIMS number. | O9: Not started
A10: P3 – Verify: over-entry | B10: Sararogha | C10: Shankai | D10: 36603005 | E10: 15 | F10: 24 | G10: =IF(E10>0,F10/E10,"n/a") -> 1.6 | H10: =MAX(E10-F10,0) -> 0 | I10: =MAX(F10-E10,0) -> 9 | J10: n/a | K10: Not comparable | L10: Entries exceed the IDIMS figure by more than 10%. Check for duplicate entries and cross-check the IDIMS number. | O10: Not started
A11: P3 – Verify: over-entry | B11: Sararogha | C11: Bangi Wala | D11: 36603008 | E11: 5 | F11: 8 | G11: =IF(E11>0,F11/E11,"n/a") -> 1.6 | H11: =MAX(E11-F11,0) -> 0 | I11: =MAX(F11-E11,0) -> 3 | J11: n/a | K11: Not comparable | L11: Entries exceed the IDIMS figure by more than 10%. Check for duplicate entries and cross-check the IDIMS number. | O11: Not started
A12: P3 – Verify: over-entry | B12: Ladha | C12: Speshteen | D12: 36601007 | E12: 4 | F12: 6 | G12: =IF(E12>0,F12/E12,"n/a") -> 1.5 | H12: =MAX(E12-F12,0) -> 0 | I12: =MAX(F12-E12,0) -> 2 | J12: 0 | K12: Recovered | L12: Entries exceed the IDIMS figure by more than 10%. Check for duplicate entries and cross-check the IDIMS number. | O12: Not started
A13: P3 – Verify: no IDIMS figure | B13: Sararogha | C13: Shakari | D13: 36603009 | E13: 0 | F13: 2 | G13: =IF(E13>0,F13/E13,"n/a") -> n/a | H13: =MAX(E13-F13,0) -> 0 | I13: =MAX(F13-E13,0) -> 2 | J13: n/a | K13: Not comparable | L13: Linelist has entries but IDIMS reports 0 ZDs. Verify IDIMS reporting for this UC. | O13: Not started
A14: P3 – Verify: over-entry | B14: Tiarza | C14: Tiarza Lower | D14: 36607002 | E14: 5 | F14: 6 | G14: =IF(E14>0,F14/E14,"n/a") -> 1.2 | H14: =MAX(E14-F14,0) -> 0 | I14: =MAX(F14-E14,0) -> 1 | J14: 0 | K14: Recovered | L14: Entries exceed the IDIMS figure by more than 10%. Check for duplicate entries and cross-check the IDIMS number. | O14: Not started
A15: P3 – Verify: over-entry | B15: Tiarza | C15: Tiarza Upper | D15: 36607001 | E15: 3 | F15: 4 | G15: =IF(E15>0,F15/E15,"n/a") -> 1.333 | H15: =MAX(E15-F15,0) -> 0 | I15: =MAX(F15-E15,0) -> 1 | J15: n/a | K15: Not comparable | L15: Entries exceed the IDIMS figure by more than 10%. Check for duplicate entries and cross-check the IDIMS number. | O15: Not started
A16: P4 – Low (50–80%) | B16: Sararogha | C16: Sara Rogha | D16: 36603001 | E16: 7 | F16: 5 | G16: =IF(E16>0,F16/E16,"n/a") -> 0.714 | H16: =MAX(E16-F16,0) -> 2 | I16: =MAX(F16-E16,0) -> 0 | J16: 0 | K16: Persistent low | L16: Complete the remaining linelist entries. Low in May too: repeat problem, escalate to district. | O16: Not started

Sheet Persistent Low UCs
A1: Persistent Low UCs – below 80% in both SNID May 2026 and SNID Sept 2026
A2: 20 UCs · 1,225 children still to enter · Sorted by children still to enter · These need a district-level fix, not routine reminders
A4: District | B4: Tehsil | C4: UC | D4: UC Code | E4: May ZD Reported | F4: May ZD Linelist | G4: May completion % | H4: Sept ZD Reported | I4: Sept ZD Linelist | J4: Sept completion % | K4: Change (pts) | L4: Children to enter | M4: Sept priority
A5: PESHAWAR | B5: CITY | C5: TEHKAL PAYAN | D5: 33004031 | E5: 301 | F5: 26 | G5: =F5/E5 -> 0.086 | H5: 353 | I5: 0 | J5: =I5/H5 -> 0 | K5: =(J5-G5)*100 -> -8.6 | L5: =MAX(H5-I5,0) -> 353 | M5: P1 – No entries
A6: PESHAWAR | B6: SMT | C6: NOTHIA JADEED | D6: 33008010 | E6: 121 | F6: 47 | G6: =F6/E6 -> 0.388 | H6: 144 | I6: 0 | J6: =I6/H6 -> 0 | K6: =(J6-G6)*100 -> -38.8 | L6: =MAX(H6-I6,0) -> 144 | M6: P1 – No entries
A7: PESHAWAR | B7: MATTANI | C7: SHEIKHAN | D7: 33005008 | E7: 206 | F7: 66 | G7: =F7/E7 -> 0.32 | H7: 277 | I7: 146 | J7: =I7/H7 -> 0.527 | K7: =(J7-G7)*100 -> 20.7 | L7: =MAX(H7-I7,0) -> 131 | M7: P4 – Low (50–80%)
A8: PESHAWAR | B8: CITY | C8: TEHKAL PAYAN 2 IRRIG | D8: 33004032 | E8: 90 | F8: 36 | G8: =F8/E8 -> 0.4 | H8: 109 | I8: 0 | J8: =I8/H8 -> 0 | K8: =(J8-G8)*100 -> -40 | L8: =MAX(H8-I8,0) -> 109 | M8: P1 – No entries
A9: PESHAWAR | B9: MATTANI | C9: SARBAND | D9: 33005006 | E9: 211 | F9: 95 | G9: =F9/E9 -> 0.45 | H9: 298 | I9: 189 | J9: =I9/H9 -> 0.634 | K9: =(J9-G9)*100 -> 18.4 | L9: =MAX(H9-I9,0) -> 109 | M9: P4 – Low (50–80%)
A10: BANNU | B10: DOMEL | C10: BIZEN KHEL 1 | D10: 36105003 | E10: 23 | F10: 0 | G10: =F10/E10 -> 0 | H10: 89 | I10: 0 | J10: =I10/H10 -> 0 | K10: =(J10-G10)*100 -> 0 | L10: =MAX(H10-I10,0) -> 89 | M10: P1 – No entries
A11: PESHAWAR | B11: MATTANI | C11: SHEIKH MOHAMMADI | D11: 33005007 | E11: 172 | F11: 39 | G11: =F11/E11 -> 0.227 | H11: 215 | I11: 151 | J11: =I11/H11 -> 0.702 | K11: =(J11-G11)*100 -> 47.6 | L11: =MAX(H11-I11,0) -> 64 | M11: P4 – Low (50–80%)
A12: PESHAWAR | B12: SADDAR | C12: SUREZAI BALA | D12: 33006011 | E12: 110 | F12: 36 | G12: =F12/E12 -> 0.327 | H12: 140 | I12: 100 | J12: =I12/H12 -> 0.714 | K12: =(J12-G12)*100 -> 38.7 | L12: =MAX(H12-I12,0) -> 40 | M12: P4 – Low (50–80%)
A13: BANNU | B13: BANNU | C13: DIRMA KHEL | D13: 36101010 | E13: 78 | F13: 0 | G13: =F13/E13 -> 0 | H13: 144 | I13: 114 | J13: =I13/H13 -> 0.792 | K13: =(J13-G13)*100 -> 79.2 | L13: =MAX(H13-I13,0) -> 30 | M13: P4 – Low (50–80%)
A14: DIKHAN | B14: DERA ISMAIL KHAN | C14: DERA CITY-V | D14: 36002006 | E14: 62 | F14: 33 | G14: =F14/E14 -> 0.532 | H14: 72 | I14: 49 | J14: =I14/H14 -> 0.681 | K14: =(J14-G14)*100 -> 14.8 | L14: =MAX(H14-I14,0) -> 23 | M14: P4 – Low (50–80%)
A15: BANNU | B15: BANNU | C15: HINJAL | D15: 36101016 | E15: 55 | F15: 28 | G15: =F15/E15 -> 0.509 | H15: 60 | I15: 39 | J15: =I15/H15 -> 0.65 | K15: =(J15-G15)*100 -> 14.1 | L15: =MAX(H15-I15,0) -> 21 | M15: P4 – Low (50–80%)
A16: BANNU | B16: BANNU | C16: KHWAJA MAD | D16: 36101022 | E16: 28 | F16: 15 | G16: =F16/E16 -> 0.536 | H16: 52 | I16: 31 | J16: =I16/H16 -> 0.596 | K16: =(J16-G16)*100 -> 6 | L16: =MAX(H16-I16,0) -> 21 | M16: P4 – Low (50–80%)
... A24: WAZIR-S Upper | B24: Sararogha | C24: Sara Rogha | D24: 36603001 | E24: 4 | F24: 0 | G24: =F24/E24 -> 0 | H24: 7 | I24: 5 | J24: =I24/H24 -> 0.714 | K24: =(J24-G24)*100 -> 71.4 | L24: =MAX(H24-I24,0) -> 2 | M24: P4 – Low (50–80%)

Sheet All UCs
A1: Division | B1: District | C1: Tehsil | D1: UC | E1: UC Code | F1: ZD Reported | G1: ZD Linelist | H1: Completion % | I1: Duplicate Count | J1: Follow-up priority | K1: May ZD Reported | L1: May ZD Linelist | M1: May completion % | N1: Change (pts) | O1: Trend May→Sept
A2: BANNU | B2: BANNU | C2: BAKAKHEL | D2: GHURA BAKA KHEL | E2: 36103002 | F2: 77 | G2: 77 | H2: =IF(F2>0,G2/F2,"n/a") -> 1 | I2: 0 | K2: 72 | L2: 72 | M2: =IF(K2>0,L2/K2,"n/a") -> 1 | N2: =IF(AND(F2>0,K2>0),(H2-M2)*100,"n/a") -> 0 | O2: Stable (80%+ both)
A3: BANNU | B3: BANNU | C3: BAKAKHEL | D3: GURBAZ | E3: 36103003 | F3: 61 | G3: 61 | H3: =IF(F3>0,G3/F3,"n/a") -> 1 | I3: 0 | K3: 21 | L3: 15 | M3: =IF(K3>0,L3/K3,"n/a") -> 0.714 | N3: =IF(AND(F3>0,K3>0),(H3-M3)*100,"n/a") -> 28.6 | O3: Recovered
A4: BANNU | B4: BANNU | C4: BAKAKHEL | D4: MOMAND KHEL | E4: 36103005 | F4: 77 | G4: 110 | H4: =IF(F4>0,G4/F4,"n/a") -> 1.429 | I4: 0 | J4: P3 – Verify: over-entry | K4: 88 | L4: 89 | M4: =IF(K4>0,L4/K4,"n/a") -> 1.011 | N4: =IF(AND(F4>0,K4>0),(H4-M4)*100,"n/a") -> 41.7 | O4: Stable (80%+ both)
A5: BANNU | B5: BANNU | C5: BAKAKHEL | D5: NARMI KHEL | E5: 36103006 | F5: 10 | G5: 22 | H5: =IF(F5>0,G5/F5,"n/a") -> 2.2 | I5: 0 | J5: P3 – Verify: over-entry | K5: 32 | L5: 0 | M5: =IF(K5>0,L5/K5,"n/a") -> 0 | N5: =IF(AND(F5>0,K5>0),(H5-M5)*100,"n/a") -> 220 | O5: Recovered
A6: BANNU | B6: BANNU | C6: BAKAKHEL | D6: SARDI KHEL | E6: 36103007 | F6: 26 | G6: 26 | H6: =IF(F6>0,G6/F6,"n/a") -> 1 | I6: 0 | K6: 19 | L6: 19 | M6: =IF(K6>0,L6/K6,"n/a") -> 1 | N6: =IF(AND(F6>0,K6>0),(H6-M6)*100,"n/a") -> 0 | O6: Stable (80%+ both)
A7: BANNU | B7: BANNU | C7: BAKAKHEL | D7: TAKHTI KHEL | E7: 36103008 | F7: 39 | G7: 39 | H7: =IF(F7>0,G7/F7,"n/a") -> 1 | I7: 0 | K7: 80 | L7: 0 | M7: =IF(K7>0,L7/K7,"n/a") -> 0 | N7: =IF(AND(F7>0,K7>0),(H7-M7)*100,"n/a") -> 100 | O7: Recovered
A8: BANNU | B8: BANNU | C8: BANNU | D8: AMANDI | E8: 36101001 | F8: 33 | G8: 29 | H8: =IF(F8>0,G8/F8,"n/a") -> 0.879 | I8: 0 | K8: 32 | L8: 32 | M8: =IF(K8>0,L8/K8,"n/a") -> 1 | N8: =IF(AND(F8>0,K8>0),(H8-M8)*100,"n/a") -> -12.1 | O8: Stable (80%+ both)
A9: BANNU | B9: BANNU | C9: BANNU | D9: BANNUCITY2 | E9: 36101049 | F9: 14 | G9: 14 | H9: =IF(F9>0,G9/F9,"n/a") -> 1 | I9: 0 | K9: 15 | L9: 15 | M9: =IF(K9>0,L9/K9,"n/a") -> 1 | N9: =IF(AND(F9>0,K9>0),(H9-M9)*100,"n/a") -> 0 | O9: Stable (80%+ both)
A10: BANNU | B10: BANNU | C10: BANNU | D10: BAZAR AHMAD KHAN | E10: 36101004 | F10: 48 | G10: 48 | H10: =IF(F10>0,G10/F10,"n/a") -> 1 | I10: 0 | K10: 24 | L10: 23 | M10: =IF(K10>0,L10/K10,"n/a") -> 0.958 | N10: =IF(AND(F10>0,K10>0),(H10-M10)*100,"n/a") -> 4.2 | O10: Stable (80%+ both)
A11: BANNU | B11: BANNU | C11: BANNU | D11: CITY 1 | E11: 36101048 | F11: 21 | G11: 23 | H11: =IF(F11>0,G11/F11,"n/a") -> 1.095 | I11: 0 | K11: 20 | L11: 20 | M11: =IF(K11>0,L11/K11,"n/a") -> 1 | N11: =IF(AND(F11>0,K11>0),(H11-M11)*100,"n/a") -> 9.5 | O11: Stable (80%+ both)
A12: BANNU | B12: BANNU | C12: BANNU | D12: DAUD SHAH | E12: 36101009 | F12: 61 | G12: 69 | H12: =IF(F12>0,G12/F12,"n/a") -> 1.131 | I12: 0 | J12: P3 – Verify: over-entry | K12: 47 | L12: 38 | M12: =IF(K12>0,L12/K12,"n/a") -> 0.809 | N12: =IF(AND(F12>0,K12>0),(H12-M12)*100,"n/a") -> 32.3 | O12: Stable (80%+ both)
A13: BANNU | B13: BANNU | C13: BANNU | D13: DIRMA KHEL | E13: 36101010 | F13: 144 | G13: 114 | H13: =IF(F13>0,G13/F13,"n/a") -> 0.792 | I13: 0 | J13: P4 – Low (50–80%) | K13: 78 | L13: 0 | M13: =IF(K13>0,L13/K13,"n/a") -> 0 | N13: =IF(AND(F13>0,K13>0),(H13-M13)*100,"n/a") -> 79.2 | O13: Persistent low
A14: BANNU | B14: BANNU | C14: BANNU | D14: FATIMA KHEL | E14: 36101012 | F14: 109 | G14: 95 | H14: =IF(F14>0,G14/F14,"n/a") -> 0.872 | I14: 0 | K14: 52 | L14: 31 | M14: =IF(K14>0,L14/K14,"n/a") -> 0.596 | N14: =IF(AND(F14>0,K14>0),(H14-M14)*100,"n/a") -> 27.5 | O14: Recovered
A15: BANNU | B15: BANNU | C15: BANNU | D15: GHARI SHER AHMAD | E15: 36101013 | F15: 58 | G15: 49 | H15: =IF(F15>0,G15/F15,"n/a") -> 0.845 | I15: 0 | K15: 26 | L15: 26 | M15: =IF(K15>0,L15/K15,"n/a") -> 1 | N15: =IF(AND(F15>0,K15>0),(H15-M15)*100,"n/a") -> -15.5 | O15: Stable (80%+ both)
A16: BANNU | B16: BANNU | C16: BANNU | D16: GHORIWALA 1 | E16: 36101050 | F16: 59 | G16: 59 | H16: =IF(F16>0,G16/F16,"n/a") -> 1 | I16: 0 | K16: 28 | L16: 28 | M16: =IF(K16>0,L16/K16,"n/a") -> 1 | N16: =IF(AND(F16>0,K16>0),(H16-M16)*100,"n/a") -> 0 | O16: Stable (80%+ both)
A17: BANNU | B17: BANNU | C17: BANNU | D17: GHORIWALA 2 | E17: 36101051 | F17: 140 | G17: 134 | H17: =IF(F17>0,G17/F17,"n/a") -> 0.957 | I17: 0 | K17: 56 | L17: 55 | M17: =IF(K17>0,L17/K17,"n/a") -> 0.982 | N17: =IF(AND(F17>0,K17>0),(H17-M17)*100,"n/a") -> -2.5 | O17: Stable (80%+ both)
A18: BANNU | B18: BANNU | C18: BANNU | D18: HINJAL | E18: 36101016 | F18: 60 | G18: 39 | H18: =IF(F18>0,G18/F18,"n/a") -> 0.65 | I18: 0 | J18: P4 – Low (50–80%) | K18: 55 | L18: 28 | M18: =IF(K18>0,L18/K18,"n/a") -> 0.509 | N18: =IF(AND(F18>0,K18>0),(H18-M18)*100,"n/a") -> 14.1 | O18: Persistent low
A19: BANNU | B19: BANNU | C19: BANNU | D19: ISMAIL KHEL | E19: 36101017 | F19: 97 | G19: 90 | H19: =IF(F19>0,G19/F19,"n/a") -> 0.928 | I19: 0 | K19: 33 | L19: 34 | M19: =IF(K19>0,L19/K19,"n/a") -> 1.03 | N19: =IF(AND(F19>0,K19>0),(H19-M19)*100,"n/a") -> -10.2 | O19: Stable (80%+ both)
A20: BANNU | B20: BANNU | C20: BANNU | D20: JHANDOO KHEL | E20: 36101018 | F20: 102 | G20: 102 | H20: =IF(F20>0,G20/F20,"n/a") -> 1 | I20: 0 | K20: 39 | L20: 45 | M20: =IF(K20>0,L20/K20,"n/a") -> 1.154 | N20: =IF(AND(F20>0,K20>0),(H20-M20)*100,"n/a") -> -15.4 | O20: Stable (80%+ both)
A21: BANNU | B21: BANNU | C21: BANNU | D21: KALAKHEIL | E21: 36101036 | F21: 77 | G21: 75 | H21: =IF(F21>0,G21/F21,"n/a") -> 0.974 | I21: 0 | K21: 39 | L21: 41 | M21: =IF(K21>0,L21/K21,"n/a") -> 1.051 | N21: =IF(AND(F21>0,K21>0),(H21-M21)*100,"n/a") -> -7.7 | O21: Stable (80%+ both)
A22: BANNU | B22: BANNU | C22: BANNU | D22: KHWAJA MAD | E22: 36101022 | F22: 52 | G22: 31 | H22: =IF(F22>0,G22/F22,"n/a") -> 0.596 | I22: 0 | J22: P4 – Low (50–80%) | K22: 28 | L22: 15 | M22: =IF(K22>0,L22/K22,"n/a") -> 0.536 | N22: =IF(AND(F22>0,K22>0),(H22-M22)*100,"n/a") -> 6 | O22: Persistent low
A23: BANNU | B23: BANNU | C23: BANNU | D23: LALO ZAI | E23: 36101023 | F23: 120 | G23: 0 | H23: =IF(F23>0,G23/F23,"n/a") -> 0 | I23: 0 | J23: P1 – No entries | K23: 57 | L23: 57 | M23: =IF(K23>0,L23/K23,"n/a") -> 1 | N23: =IF(AND(F23>0,K23>0),(H23-M23)*100,"n/a") -> -100 | O23: Newly declined
A24: BANNU | B24: BANNU | C24: BANNU | D24: MAMASH KHEL | E24: 36101025 | F24: 69 | G24: 69 | H24: =IF(F24>0,G24/F24,"n/a") -> 1 | I24: 0 | K24: 48 | L24: 35 | M24: =IF(K24>0,L24/K24,"n/a") -> 0.729 | N24: =IF(AND(F24>0,K24>0),(H24-M24)*100,"n/a") -> 27.1 | O24: Recovered
A25: BANNU | B25: BANNU | C25: BANNU | D25: MANDAN | E25: 36101026 | F25: 65 | G25: 70 | H25: =IF(F25>0,G25/F25,"n/a") -> 1.077 | I25: 0 | K25: 37 | L25: 38 | M25: =IF(K25>0,L25/K25,"n/a") -> 1.027 | N25: =IF(AND(F25>0,K25>0),(H25-M25)*100,"n/a") -> 5 | O25: Stable (80%+ both)
A26: BANNU | B26: BANNU | C26: BANNU | D26: MIRA KHEL | E26: 36101027 | F26: 297 | G26: 292 | H26: =IF(F26>0,G26/F26,"n/a") -> 0.983 | I26: 0 | K26: 110 | L26: 101 | M26: =IF(K26>0,L26/K26,"n/a") -> 0.918 | N26: =IF(AND(F26>0,K26>0),(H26-M26)*100,"n/a") -> 6.5 | O26: Stable (80%+ both)
A27: BANNU | B27: BANNU | C27: BANNU | D27: SHAHBAZ AZMAT KHEL | E27: 36101031 | F27: 128 | G27: 67 | H27: =IF(F27>0,G27/F27,"n/a") -> 0.523 | I27: 0 | J27: P4 – Low (50–80%) | K27: 62 | L27: 59 | M27: =IF(K27>0,L27/K27,"n/a") -> 0.952 | N27: =IF(AND(F27>0,K27>0),(H27-M27)*100,"n/a") -> -42.8 | O27: Newly declined
A28: BANNU | B28: BANNU | C28: BANNU | D28: SHAMSHI KHEL | E28: 36101032 | F28: 119 | G28: 127 | H28: =IF(F28>0,G28/F28,"n/a") -> 1.067 | I28: 0 | K28: 78 | L28: 78 | M28: =IF(K28>0,L28/K28,"n/a") -> 1 | N28: =IF(AND(F28>0,K28>0),(H28-M28)*100,"n/a") -> 6.7 | O28: Stable (80%+ both)
A29: BANNU | B29: BANNU | C29: BANNU | D29: SIKANDAR KHEL BALLA | E29: 36101033 | F29: 122 | G29: 157 | H29: =IF(F29>0,G29/F29,"n/a") -> 1.287 | I29: 0 | J29: P3 – Verify: over-entry | K29: 54 | L29: 30 | M29: =IF(K29>0,L29/K29,"n/a") -> 0.556 | N29: =IF(AND(F29>0,K29>0),(H29-M29)*100,"n/a") -> 73.1 | O29: Recovered
A30: BANNU | B30: BANNU | C30: BANNU | D30: SUKARI | E30: 36101034 | F30: 50 | G30: 44 | H30: =IF(F30>0,G30/F30,"n/a") -> 0.88 | I30: 0 | K30: 38 | L30: 0 | M30: =IF(K30>0,L30/K30,"n/a") -> 0 | N30: =IF(AND(F30>0,K30>0),(H30-M30)*100,"n/a") -> 88 | O30: Recovered
A31: BANNU | B31: BANNU | C31: DOMEL | D31: ARAL HATHI KHEL | E31: 36105001 | F31: 88 | G31: 64 | H31: =IF(F31>0,G31/F31,"n/a") -> 0.727 | I31: 0 | J31: P4 – Low (50–80%) | K31: 35 | L31: 35 | M31: =IF(K31>0,L31/K31,"n/a") -> 1 | N31: =IF(AND(F31>0,K31>0),(H31-M31)*100,"n/a") -> -27.3 | O31: Newly declined
A32: BANNU | B32: BANNU | C32: DOMEL | D32: ASPERKA WAZIRAN | E32: 36105002 | F32: 60 | G32: 174 | H32: =IF(F32>0,G32/F32,"n/a") -> 2.9 | I32: 0 | J32: P3 – Verify: over-entry | K32: 14 | L32: 0 | M32: =IF(K32>0,L32/K32,"n/a") -> 0 | N32: =IF(AND(F32>0,K32>0),(H32-M32)*100,"n/a") -> 290 | O32: Recovered
A33: BANNU | B33: BANNU | C33: DOMEL | D33: BIZEN KHEL 1 | E33: 36105003 | F33: 89 | G33: 0 | H33: =IF(F33>0,G33/F33,"n/a") -> 0 | I33: 0 | J33: P1 – No entries | K33: 23 | L33: 0 | M33: =IF(K33>0,L33/K33,"n/a") -> 0 | N33: =IF(AND(F33>0,K33>0),(H33-M33)*100,"n/a") -> 0 | O33: Persistent low
A34: BANNU | B34: BANNU | C34: DOMEL | D34: BIZEN KHEL 2 | E34: 36105004 | F34: 80 | G34: 57 | H34: =IF(F34>0,G34/F34,"n/a") -> 0.712 | I34: 0 | J34: P4 – Low (50–80%) | K34: 35 | L34: 35 | M34: =IF(K34>0,L34/K34,"n/a") -> 1 | N34: =IF(AND(F34>0,K34>0),(H34-M34)*100,"n/a") -> -28.8 | O34: Newly declined
A35: BANNU | B35: BANNU | C35: DOMEL | D35: DOMEL 1 | E35: 36105005 | F35: 45 | G35: 42 | H35: =IF(F35>0,G35/F35,"n/a") -> 0.933 | I35: 0 | K35: 20 | L35: 4 | M35: =IF(K35>0,L35/K35,"n/a") -> 0.2 | N35: =IF(AND(F35>0,K35>0),(H35-M35)*100,"n/a") -> 73.3 | O35: Recovered
A36: BANNU | B36: BANNU | C36: DOMEL | D36: DOMEL 2 | E36: 36105006 | F36: 89 | G36: 45 | H36: =IF(F36>0,G36/F36,"n/a") -> 0.506 | I36: 0 | J36: P4 – Low (50–80%) | K36: 35 | L36: 34 | M36: =IF(K36>0,L36/K36,"n/a") -> 0.971 | N36: =IF(AND(F36>0,K36>0),(H36-M36)*100,"n/a") -> -46.6 | O36: Newly declined
A37: BANNU | B37: BANNU | C37: DOMEL | D37: GADI TAP | E37: 36105007 | F37: 56 | G37: 56 | H37: =IF(F37>0,G37/F37,"n/a") -> 1 | I37: 0 | K37: 23 | L37: 23 | M37: =IF(K37>0,L37/K37,"n/a") -> 1 | N37: =IF(AND(F37>0,K37>0),(H37-M37)*100,"n/a") -> 0 | O37: Stable (80%+ both)
A38: BANNU | B38: BANNU | C38: DOMEL | D38: GHAZI MERJAN | E38: 36105008 | F38: 35 | G38: 32 | H38: =IF(F38>0,G38/F38,"n/a") -> 0.914 | I38: 0 | K38: 0 | L38: 5 | M38: =IF(K38>0,L38/K38,"n/a") -> n/a | N38: =IF(AND(F38>0,K38>0),(H38-M38)*100,"n/a") -> n/a | O38: Not comparable
A39: BANNU | B39: BANNU | C39: DOMEL | D39: KHANDER KHANKHEL | E39: 36105009 | F39: 103 | G39: 104 | H39: =IF(F39>0,G39/F39,"n/a") -> 1.01 | I39: 0 | K39: 30 | L39: 29 | M39: =IF(K39>0,L39/K39,"n/a") -> 0.967 | N39: =IF(AND(F39>0,K39>0),(H39-M39)*100,"n/a") -> 4.3 | O39: Stable (80%+ both)
A40: BANNU | B40: BANNU | C40: DOMEL | D40: MUSA KHEL WALAGI | E40: 36105010 | F40: 51 | G40: 29 | H40: =IF(F40>0,G40/F40,"n/a") -> 0.569 | I40: 0 | J40: P4 – Low (50–80%) | K40: 11 | L40: 11 | M40: =IF(K40>0,L40/K40,"n/a") -> 1 | N40: =IF(AND(F40>0,K40>0),(H40-M40)*100,"n/a") -> -43.1 | O40: Newly declined
A41: BANNU | B41: BANNU | C41: DOMEL | D41: ZERAKI PIRBAKHEL | E41: 36105011 | F41: 29 | G41: 35 | H41: =IF(F41>0,G41/F41,"n/a") -> 1.207 | I41: 0 | J41: P3 – Verify: over-entry | K41: 21 | L41: 21 | M41: =IF(K41>0,L41/K41,"n/a") -> 1 | N41: =IF(AND(F41>0,K41>0),(H41-M41)*100,"n/a") -> 20.7 | O41: Stable (80%+ both)
A42: BANNU | B42: BANNU | C42: KAKKI | D42: BHARAT | E42: 36106001 | F42: 122 | G42: 127 | H42: =IF(F42>0,G42/F42,"n/a") -> 1.041 | I42: 0 | K42: 53 | L42: 44 | M42: =IF(K42>0,L42/K42,"n/a") -> 0.83 | N42: =IF(AND(F42>0,K42>0),(H42-M42)*100,"n/a") -> 21.1 | O42: Stable (80%+ both)
A43: BANNU | B43: BANNU | C43: KAKKI | D43: KAKKI 1 | E43: 36106002 | F43: 135 | G43: 0 | H43: =IF(F43>0,G43/F43,"n/a") -> 0 | I43: 0 | J43: P1 – No entries | K43: 47 | L43: 46 | M43: =IF(K43>0,L43/K43,"n/a") -> 0.979 | N43: =IF(AND(F43>0,K43>0),(H43-M43)*100,"n/a") -> -97.9 | O43: Newly declined
A44: BANNU | B44: BANNU | C44: KAKKI | D44: KAKKI 2 | E44: 36106003 | F44: 99 | G44: 212 | H44: =IF(F44>0,G44/F44,"n/a") -> 2.141 | I44: 0 | J44: P3 – Verify: over-entry | K44: 44 | L44: 25 | M44: =IF(K44>0,L44/K44,"n/a") -> 0.568 | N44: =IF(AND(F44>0,K44>0),(H44-M44)*100,"n/a") -> 157.3 | O44: Recovered
A45: BANNU | B45: BANNU | C45: KAKKI | D45: KHUJARI | E45: 36106004 | F45: 84 | G45: 90 | H45: =IF(F45>0,G45/F45,"n/a") -> 1.071 | I45: 0 | K45: 32 | L45: 25 | M45: =IF(K45>0,L45/K45,"n/a") -> 0.781 | N45: =IF(AND(F45>0,K45>0),(H45-M45)*100,"n/a") -> 29 | O45: Recovered
A46: BANNU | B46: BANNU | C46: KAKKI | D46: NAR SHUKRULLAH | E46: 36106006 | F46: 111 | G46: 0 | H46: =IF(F46>0,G46/F46,"n/a") -> 0 | I46: 0 | J46: P1 – No entries | K46: 38 | L46: 40 | M46: =IF(K46>0,L46/K46,"n/a") -> 1.053 | N46: =IF(AND(F46>0,K46>0),(H46-M46)*100,"n/a") -> -105.3 | O46: Newly declined
A47: BANNU | B47: BANNU | C47: MIRYAN | D47: HAVED LANDIDAK | E47: 36107001 | F47: 21 | G47: 22 | H47: =IF(F47>0,G47/F47,"n/a") -> 1.048 | I47: 0 | K47: 27 | L47: 27 | M47: =IF(K47>0,L47/K47,"n/a") -> 1 | N47: =IF(AND(F47>0,K47>0),(H47-M47)*100,"n/a") -> 4.8 | O47: Stable (80%+ both)
A48: BANNU | B48: BANNU | C48: MIRYAN | D48: LEWAN | E48: 36107002 | F48: 45 | G48: 46 | H48: =IF(F48>0,G48/F48,"n/a") -> 1.022 | I48: 0 | K48: 76 | L48: 62 | M48: =IF(K48>0,L48/K48,"n/a") -> 0.816 | N48: =IF(AND(F48>0,K48>0),(H48-M48)*100,"n/a") -> 20.6 | O48: Stable (80%+ both)
A49: BANNU | B49: BANNU | C49: MIRYAN | D49: MAMA KHEL | E49: 36107003 | F49: 100 | G49: 84 | H49: =IF(F49>0,G49/F49,"n/a") -> 0.84 | I49: 0 | K49: 89 | L49: 0 | M49: =IF(K49>0,L49/K49,"n/a") -> 0 | N49: =IF(AND(F49>0,K49>0),(H49-M49)*100,"n/a") -> 84 | O49: Recovered
A50: BANNU | B50: BANNU | C50: MIRYAN | D50: MITA KHEL | E50: 36107004 | F50: 74 | G50: 61 | H50: =IF(F50>0,G50/F50,"n/a") -> 0.824 | I50: 0 | K50: 65 | L50: 68 | M50: =IF(K50>0,L50/K50,"n/a") -> 1.046 | N50: =IF(AND(F50>0,K50>0),(H50-M50)*100,"n/a") -> -22.2 | O50: Stable (80%+ both)
A51: BANNU | B51: BANNU | C51: MIRYAN | D51: MOMBATI 1 | E51: 36107005 | F51: 61 | G51: 61 | H51: =IF(F51>0,G51/F51,"n/a") -> 1 | I51: 0 | K51: 37 | L51: 1 | M51: =IF(K51>0,L51/K51,"n/a") -> 0.027 | N51: =IF(AND(F51>0,K51>0),(H51-M51)*100,"n/a") -> 97.3 | O51: Recovered
A52: BANNU | B52: BANNU | C52: MIRYAN | D52: MOMBATI 2 | E52: 36107006 | F52: 94 | G52: 98 | H52: =IF(F52>0,G52/F52,"n/a") -> 1.043 | I52: 0 | K52: 67 | L52: 69 | M52: =IF(K52>0,L52/K52,"n/a") -> 1.03 | N52: =IF(AND(F52>0,K52>0),(H52-M52)*100,"n/a") -> 1.3 | O52: Stable (80%+ both)
A53: BANNU | B53: BANNU | C53: MIRYAN | D53: NURAR | E53: 36107007 | F53: 88 | G53: 57 | H53: =IF(F53>0,G53/F53,"n/a") -> 0.648 | I53: 0 | J53: P4 – Low (50–80%) | K53: 47 | L53: 46 | M53: =IF(K53>0,L53/K53,"n/a") -> 0.979 | N53: =IF(AND(F53>0,K53>0),(H53-M53)*100,"n/a") -> -33.1 | O53: Newly declined
A54: BANNU | B54: BANNU | C54: WAZIR | D54: DERYOBA | E54: 36102002 | F54: 3 | G54: 3 | H54: =IF(F54>0,G54/F54,"n/a") -> 1 | I54: 0 | K54: 14 | L54: 14 | M54: =IF(K54>0,L54/K54,"n/a") -> 1 | N54: =IF(AND(F54>0,K54>0),(H54-M54)*100,"n/a") -> 0 | O54: Stable (80%+ both)
A55: BANNU | B55: BANNU | C55: WAZIR | D55: HINDI KHEL | E55: 36102011 | F55: 24 | G55: 39 | H55: =IF(F55>0,G55/F55,"n/a") -> 1.625 | I55: 0 | J55: P3 – Verify: over-entry | K55: 50 | L55: 50 | M55: =IF(K55>0,L55/K55,"n/a") -> 1 | N55: =IF(AND(F55>0,K55>0),(H55-M55)*100,"n/a") -> 62.5 | O55: Stable (80%+ both)
A56: BANNU | B56: BANNU | C56: WAZIR | D56: JANI KHEL COLONY | E56: 36102012 | F56: 20 | G56: 16 | H56: =IF(F56>0,G56/F56,"n/a") -> 0.8 | I56: 0 | K56: 31 | L56: 0 | M56: =IF(K56>0,L56/K56,"n/a") -> 0 | N56: =IF(AND(F56>0,K56>0),(H56-M56)*100,"n/a") -> 80 | O56: Recovered
A57: BANNU | B57: BANNU | C57: WAZIR | D57: SAIN TANGA | E57: 36102006 | F57: 16 | G57: 29 | H57: =IF(F57>0,G57/F57,"n/a") -> 1.812 | I57: 0 | J57: P3 – Verify: over-entry | K57: 22 | L57: 19 | M57: =IF(K57>0,L57/K57,"n/a") -> 0.864 | N57: =IF(AND(F57>0,K57>0),(H57-M57)*100,"n/a") -> 94.9 | O57: Stable (80%+ both)
A58: BANNU | B58: BANNU | C58: WAZIR | D58: ZARWAM | E58: 36102005 | F58: 48 | G58: 32 | H58: =IF(F58>0,G58/F58,"n/a") -> 0.667 | I58: 3 | J58: P4 – Low (50–80%) | K58: 16 | L58: 0 | M58: =IF(K58>0,L58/K58,"n/a") -> 0 | N58: =IF(AND(F58>0,K58>0),(H58-M58)*100,"n/a") -> 66.7 | O58: Persistent low
A59: BANNU | B59: LAKKIMRWT | C59: BETTANI | D59: CHECHANDI SAMAN | E59: 36204007 | F59: 55 | G59: 99 | H59: =IF(F59>0,G59/F59,"n/a") -> 1.8 | I59: 0 | J59: P3 – Verify: over-entry | K59: 10 | L59: 10 | M59: =IF(K59>0,L59/K59,"n/a") -> 1 | N59: =IF(AND(F59>0,K59>0),(H59-M59)*100,"n/a") -> 80 | O59: Stable (80%+ both)
A60: BANNU | B60: LAKKIMRWT | C60: BETTANI | D60: GABBAR BAGH | E60: 36204011 | F60: 44 | G60: 57 | H60: =IF(F60>0,G60/F60,"n/a") -> 1.295 | I60: 0 | J60: P3 – Verify: over-entry | K60: 9 | L60: 9 | M60: =IF(K60>0,L60/K60,"n/a") -> 1 | N60: =IF(AND(F60>0,K60>0),(H60-M60)*100,"n/a") -> 29.5 | O60: Stable (80%+ both)
A61: BANNU | B61: LAKKIMRWT | C61: BETTANI | D61: KOUTE KHWUA | E61: 36204008 | F61: 29 | G61: 29 | H61: =IF(F61>0,G61/F61,"n/a") -> 1 | I61: 0 | K61: 14 | L61: 14 | M61: =IF(K61>0,L61/K61,"n/a") -> 1 | N61: =IF(AND(F61>0,K61>0),(H61-M61)*100,"n/a") -> 0 | O61: Stable (80%+ both)
A62: BANNU | B62: LAKKIMRWT | C62: BETTANI | D62: PIAKASHT BETTANI | E62: 36204003 | F62: 91 | G62: 91 | H62: =IF(F62>0,G62/F62,"n/a") -> 1 | I62: 0 | K62: 31 | L62: 31 | M62: =IF(K62>0,L62/K62,"n/a") -> 1 | N62: =IF(AND(F62>0,K62>0),(H62-M62)*100,"n/a") -> 0 | O62: Stable (80%+ both)
A63: BANNU | B63: LAKKIMRWT | C63: BETTANI | D63: RATAN ZAI | E63: 36204004 | F63: 39 | G63: 39 | H63: =IF(F63>0,G63/F63,"n/a") -> 1 | I63: 0 | K63: 19 | L63: 19 | M63: =IF(K63>0,L63/K63,"n/a") -> 1 | N63: =IF(AND(F63>0,K63>0),(H63-M63)*100,"n/a") -> 0 | O63: Stable (80%+ both)
A64: BANNU | B64: LAKKIMRWT | C64: BETTANI | D64: SHEMALA | E64: 36204005 | F64: 168 | G64: 185 | H64: =IF(F64>0,G64/F64,"n/a") -> 1.101 | I64: 0 | J64: P3 – Verify: over-entry | K64: 6 | L64: 6 | M64: =IF(K64>0,L64/K64,"n/a") -> 1 | N64: =IF(AND(F64>0,K64>0),(H64-M64)*100,"n/a") -> 10.1 | O64: Stable (80%+ both)
A65: BANNU | B65: LAKKIMRWT | C65: BETTANI | D65: WATEEN SAR | E65: 36204009 | F65: 17 | G65: 21 | H65: =IF(F65>0,G65/F65,"n/a") -> 1.235 | I65: 0 | J65: P3 – Verify: over-entry | K65: 12 | L65: 12 | M65: =IF(K65>0,L65/K65,"n/a") -> 1 | N65: =IF(AND(F65>0,K65>0),(H65-M65)*100,"n/a") -> 23.5 | O65: Stable (80%+ both)
A66: BANNU | B66: LAKKIMRWT | C66: GHAZNI KHEL | D66: ABDULKHEL | E66: 36205001 | F66: 171 | G66: 171 | H66: =IF(F66>0,G66/F66,"n/a") -> 1 | I66: 0 | K66: 78 | L66: 78 | M66: =IF(K66>0,L66/K66,"n/a") -> 1 | N66: =IF(AND(F66>0,K66>0),(H66-M66)*100,"n/a") -> 0 | O66: Stable (80%+ both)
A67: BANNU | B67: LAKKIMRWT | C67: GHAZNI KHEL | D67: BEHRAM KHEL | E67: 36205002 | F67: 217 | G67: 233 | H67: =IF(F67>0,G67/F67,"n/a") -> 1.074 | I67: 0 | K67: 112 | L67: 112 | M67: =IF(K67>0,L67/K67,"n/a") -> 1 | N67: =IF(AND(F67>0,K67>0),(H67-M67)*100,"n/a") -> 7.4 | O67: Stable (80%+ both)
A68: BANNU | B68: LAKKIMRWT | C68: GHAZNI KHEL | D68: GHAZNIKHEL | E68: 36205003 | F68: 110 | G68: 84 | H68: =IF(F68>0,G68/F68,"n/a") -> 0.764 | I68: 0 | J68: P4 – Low (50–80%) | K68: 57 | L68: 57 | M68: =IF(K68>0,L68/K68,"n/a") -> 1 | N68: =IF(AND(F68>0,K68>0),(H68-M68)*100,"n/a") -> -23.6 | O68: Newly declined
A69: BANNU | B69: LAKKIMRWT | C69: GHAZNI KHEL | D69: KHAKAKHEL | E69: 36205004 | F69: 154 | G69: 154 | H69: =IF(F69>0,G69/F69,"n/a") -> 1 | I69: 0 | K69: 93 | L69: 93 | M69: =IF(K69>0,L69/K69,"n/a") -> 1 | N69: =IF(AND(F69>0,K69>0),(H69-M69)*100,"n/a") -> 0 | O69: Stable (80%+ both)
A70: BANNU | B70: LAKKIMRWT | C70: GHAZNI KHEL | D70: KHERUKHEL PAKKA | E70: 36205005 | F70: 66 | G70: 67 | H70: =IF(F70>0,G70/F70,"n/a") -> 1.015 | I70: 0 | K70: 38 | L70: 38 | M70: =IF(K70>0,L70/K70,"n/a") -> 1 | N70: =IF(AND(F70>0,K70>0),(H70-M70)*100,"n/a") -> 1.5 | O70: Stable (80%+ both)
A71: BANNU | B71: LAKKIMRWT | C71: GHAZNI KHEL | D71: MASHAMANSOOR | E71: 36205006 | F71: 51 | G71: 51 | H71: =IF(F71>0,G71/F71,"n/a") -> 1 | I71: 0 | K71: 22 | L71: 22 | M71: =IF(K71>0,L71/K71,"n/a") -> 1 | N71: =IF(AND(F71>0,K71>0),(H71-M71)*100,"n/a") -> 0 | O71: Stable (80%+ both)
A72: BANNU | B72: LAKKIMRWT | C72: GHAZNI KHEL | D72: PEZO | E72: 36205007 | F72: 87 | G72: 89 | H72: =IF(F72>0,G72/F72,"n/a") -> 1.023 | I72: 0 | K72: 44 | L72: 44 | M72: =IF(K72>0,L72/K72,"n/a") -> 1 | N72: =IF(AND(F72>0,K72>0),(H72-M72)*100,"n/a") -> 2.3 | O72: Stable (80%+ both)
A73: BANNU | B73: LAKKIMRWT | C73: GHAZNI KHEL | D73: SALAMANKHEL | E73: 36205011 | F73: 52 | G73: 52 | H73: =IF(F73>0,G73/F73,"n/a") -> 1 | I73: 0 | K73: 14 | L73: 14 | M73: =IF(K73>0,L73/K73,"n/a") -> 1 | N73: =IF(AND(F73>0,K73>0),(H73-M73)*100,"n/a") -> 0 | O73: Stable (80%+ both)
A74: BANNU | B74: LAKKIMRWT | C74: GHAZNI KHEL | D74: TAJAZAI | E74: 36205008 | F74: 47 | G74: 47 | H74: =IF(F74>0,G74/F74,"n/a") -> 1 | I74: 0 | K74: 33 | L74: 33 | M74: =IF(K74>0,L74/K74,"n/a") -> 1 | N74: =IF(AND(F74>0,K74>0),(H74-M74)*100,"n/a") -> 0 | O74: Stable (80%+ both)
A75: BANNU | B75: LAKKIMRWT | C75: GHAZNI KHEL | D75: TAJORI | E75: 36205009 | F75: 78 | G75: 78 | H75: =IF(F75>0,G75/F75,"n/a") -> 1 | I75: 0 | K75: 44 | L75: 44 | M75: =IF(K75>0,L75/K75,"n/a") -> 1 | N75: =IF(AND(F75>0,K75>0),(H75-M75)*100,"n/a") -> 0 | O75: Stable (80%+ both)
A76: BANNU | B76: LAKKIMRWT | C76: GHAZNI KHEL | D76: TITERKHEL | E76: 36205010 | F76: 68 | G76: 73 | H76: =IF(F76>0,G76/F76,"n/a") -> 1.074 | I76: 0 | K76: 30 | L76: 30 | M76: =IF(K76>0,L76/K76,"n/a") -> 1 | N76: =IF(AND(F76>0,K76>0),(H76-M76)*100,"n/a") -> 7.4 | O76: Stable (80%+ both)
A77: BANNU | B77: LAKKIMRWT | C77: LAKKI MARWAT | D77: ABBAKHEL | E77: 36202022 | F77: 174 | G77: 174 | H77: =IF(F77>0,G77/F77,"n/a") -> 1 | I77: 0 | K77: 80 | L77: 80 | M77: =IF(K77>0,L77/K77,"n/a") -> 1 | N77: =IF(AND(F77>0,K77>0),(H77-M77)*100,"n/a") -> 0 | O77: Stable (80%+ both)
A78: BANNU | B78: LAKKIMRWT | C78: LAKKI MARWAT | D78: AHMADKHEL | E78: 36202023 | F78: 85 | G78: 47 | H78: =IF(F78>0,G78/F78,"n/a") -> 0.553 | I78: 0 | J78: P4 – Low (50–80%) | K78: 51 | L78: 51 | M78: =IF(K78>0,L78/K78,"n/a") -> 1 | N78: =IF(AND(F78>0,K78>0),(H78-M78)*100,"n/a") -> -44.7 | O78: Newly declined
A79: BANNU | B79: LAKKIMRWT | C79: LAKKI MARWAT | D79: BEGOKHEL | E79: 36202028 | F79: 110 | G79: 86 | H79: =IF(F79>0,G79/F79,"n/a") -> 0.782 | I79: 0 | J79: P4 – Low (50–80%) | K79: 58 | L79: 58 | M79: =IF(K79>0,L79/K79,"n/a") -> 1 | N79: =IF(AND(F79>0,K79>0),(H79-M79)*100,"n/a") -> -21.8 | O79: Newly declined
A80: BANNU | B80: LAKKIMRWT | C80: LAKKI MARWAT | D80: CITY 2 | E80: 36202021 | F80: 85 | G80: 92 | H80: =IF(F80>0,G80/F80,"n/a") -> 1.082 | I80: 0 | K80: 44 | L80: 44 | M80: =IF(K80>0,L80/K80,"n/a") -> 1 | N80: =IF(AND(F80>0,K80>0),(H80-M80)*100,"n/a") -> 8.2 | O80: Stable (80%+ both)
A81: BANNU | B81: LAKKIMRWT | C81: LAKKI MARWAT | D81: DERATANG | E81: 36202030 | F81: 138 | G81: 110 | H81: =IF(F81>0,G81/F81,"n/a") -> 0.797 | I81: 0 | J81: P4 – Low (50–80%) | K81: 87 | L81: 87 | M81: =IF(K81>0,L81/K81,"n/a") -> 1 | N81: =IF(AND(F81>0,K81>0),(H81-M81)*100,"n/a") -> -20.3 | O81: Newly declined
A82: BANNU | B82: LAKKIMRWT | C82: LAKKI MARWAT | D82: ISAKKHEL | E82: 36202024 | F82: 178 | G82: 178 | H82: =IF(F82>0,G82/F82,"n/a") -> 1 | I82: 0 | K82: 81 | L82: 81 | M82: =IF(K82>0,L82/K82,"n/a") -> 1 | N82: =IF(AND(F82>0,K82>0),(H82-M82)*100,"n/a") -> 0 | O82: Stable (80%+ both)
A83: BANNU | B83: LAKKIMRWT | C83: LAKKI MARWAT | D83: LAKKI | E83: 36202033 | F83: 120 | G83: 122 | H83: =IF(F83>0,G83/F83,"n/a") -> 1.017 | I83: 0 | K83: 99 | L83: 99 | M83: =IF(K83>0,L83/K83,"n/a") -> 1 | N83: =IF(AND(F83>0,K83>0),(H83-M83)*100,"n/a") -> 1.7 | O83: Stable (80%+ both)
A84: BANNU | B84: LAKKIMRWT | C84: LAKKI MARWAT | D84: LANDIWA | E84: 36202034 | F84: 88 | G84: 88 | H84: =IF(F84>0,G84/F84,"n/a") -> 1 | I84: 0 | K84: 53 | L84: 53 | M84: =IF(K84>0,L84/K84,"n/a") -> 1 | N84: =IF(AND(F84>0,K84>0),(H84-M84)*100,"n/a") -> 0 | O84: Stable (80%+ both)
A85: BANNU | B85: LAKKIMRWT | C85: LAKKI MARWAT | D85: MUSHMATIKHANI | E85: 36202036 | F85: 172 | G85: 172 | H85: =IF(F85>0,G85/F85,"n/a") -> 1 | I85: 0 | K85: 72 | L85: 72 | M85: =IF(K85>0,L85/K85,"n/a") -> 1 | N85: =IF(AND(F85>0,K85>0),(H85-M85)*100,"n/a") -> 0 | O85: Stable (80%+ both)
A86: BANNU | B86: LAKKIMRWT | C86: LAKKI MARWAT | D86: SAMANDI | E86: 36202038 | F86: 99 | G86: 100 | H86: =IF(F86>0,G86/F86,"n/a") -> 1.01 | I86: 0 | K86: 41 | L86: 41 | M86: =IF(K86>0,L86/K86,"n/a") -> 1 | N86: =IF(AND(F86>0,K86>0),(H86-M86)*100,"n/a") -> 1 | O86: Stable (80%+ both)
A87: BANNU | B87: LAKKIMRWT | C87: LAKKI MARWAT | D87: SHAPKHEL | E87: 36202039 | F87: 197 | G87: 197 | H87: =IF(F87>0,G87/F87,"n/a") -> 1 | I87: 0 | K87: 183 | L87: 183 | M87: =IF(K87>0,L87/K87,"n/a") -> 1 | N87: =IF(AND(F87>0,K87>0),(H87-M87)*100,"n/a") -> 0 | O87: Stable (80%+ both)
A88: BANNU | B88: LAKKIMRWT | C88: SERAI NAURANG | D88: ABUSAMAND BEGOKHE | E88: 36203013 | F88: 142 | G88: 142 | H88: =IF(F88>0,G88/F88,"n/a") -> 1 | I88: 0 | K88: 60 | L88: 60 | M88: =IF(K88>0,L88/K88,"n/a") -> 1 | N88: =IF(AND(F88>0,K88>0),(H88-M88)*100,"n/a") -> 0 | O88: Stable (80%+ both)
A89: BANNU | B89: LAKKIMRWT | C89: SERAI NAURANG | D89: BAKHMAL AHMAD ZAI | E89: 36203022 | F89: 120 | G89: 146 | H89: =IF(F89>0,G89/F89,"n/a") -> 1.217 | I89: 0 | J89: P3 – Verify: over-entry | K89: 60 | L89: 60 | M89: =IF(K89>0,L89/K89,"n/a") -> 1 | N89: =IF(AND(F89>0,K89>0),(H89-M89)*100,"n/a") -> 21.7 | O89: Stable (80%+ both)
A90: BANNU | B90: LAKKIMRWT | C90: SERAI NAURANG | D90: BIASTKHEL | E90: 36203023 | F90: 110 | G90: 115 | H90: =IF(F90>0,G90/F90,"n/a") -> 1.045 | I90: 0 | K90: 57 | L90: 57 | M90: =IF(K90>0,L90/K90,"n/a") -> 1 | N90: =IF(AND(F90>0,K90>0),(H90-M90)*100,"n/a") -> 4.5 | O90: Stable (80%+ both)
A91: BANNU | B91: LAKKIMRWT | C91: SERAI NAURANG | D91: GANDI | E91: 36203014 | F91: 55 | G91: 32 | H91: =IF(F91>0,G91/F91,"n/a") -> 0.582 | I91: 0 | J91: P4 – Low (50–80%) | K91: 40 | L91: 40 | M91: =IF(K91>0,L91/K91,"n/a") -> 1 | N91: =IF(AND(F91>0,K91>0),(H91-M91)*100,"n/a") -> -41.8 | O91: Newly declined
A92: BANNU | B92: LAKKIMRWT | C92: SERAI NAURANG | D92: KOTKASHMIR | E92: 36203015 | F92: 160 | G92: 160 | H92: =IF(F92>0,G92/F92,"n/a") -> 1 | I92: 0 | K92: 56 | L92: 56 | M92: =IF(K92>0,L92/K92,"n/a") -> 1 | N92: =IF(AND(F92>0,K92>0),(H92-M92)*100,"n/a") -> 0 | O92: Stable (80%+ both)
A93: BANNU | B93: LAKKIMRWT | C93: SERAI NAURANG | D93: MAMAKHEL | E93: 36203016 | F93: 209 | G93: 209 | H93: =IF(F93>0,G93/F93,"n/a") -> 1 | I93: 0 | K93: 104 | L93: 104 | M93: =IF(K93>0,L93/K93,"n/a") -> 1 | N93: =IF(AND(F93>0,K93>0),(H93-M93)*100,"n/a") -> 0 | O93: Stable (80%+ both)
A94: BANNU | B94: LAKKIMRWT | C94: SERAI NAURANG | D94: MARMANDI AZIM | E94: 36203024 | F94: 196 | G94: 197 | H94: =IF(F94>0,G94/F94,"n/a") -> 1.005 | I94: 0 | K94: 122 | L94: 122 | M94: =IF(K94>0,L94/K94,"n/a") -> 1 | N94: =IF(AND(F94>0,K94>0),(H94-M94)*100,"n/a") -> 0.5 | O94: Stable (80%+ both)
A95: BANNU | B95: LAKKIMRWT | C95: SERAI NAURANG | D95: PARKHEL TALL | E95: 36203017 | F95: 217 | G95: 233 | H95: =IF(F95>0,G95/F95,"n/a") -> 1.074 | I95: 0 | K95: 120 | L95: 120 | M95: =IF(K95>0,L95/K95,"n/a") -> 1 | N95: =IF(AND(F95>0,K95>0),(H95-M95)*100,"n/a") -> 7.4 | O95: Stable (80%+ both)
A96: BANNU | B96: LAKKIMRWT | C96: SERAI NAURANG | D96: SERAI NAURANG | E96: 36203019 | F96: 185 | G96: 164 | H96: =IF(F96>0,G96/F96,"n/a") -> 0.886 | I96: 0 | K96: 107 | L96: 107 | M96: =IF(K96>0,L96/K96,"n/a") -> 1 | N96: =IF(AND(F96>0,K96>0),(H96-M96)*100,"n/a") -> -11.4 | O96: Stable (80%+ both)
A97: BANNU | B97: LAKKIMRWT | C97: SERAI NAURANG | D97: SHAKH QULI KHAN | E97: 36203020 | F97: 84 | G97: 87 | H97: =IF(F97>0,G97/F97,"n/a") -> 1.036 | I97: 0 | K97: 21 | L97: 21 | M97: =IF(K97>0,L97/K97,"n/a") -> 1 | N97: =IF(AND(F97>0,K97>0),(H97-M97)*100,"n/a") -> 3.6 | O97: Stable (80%+ both)
A98: BANNU | B98: LAKKIMRWT | C98: SERAI NAURANG | D98: THAKHTIKHEL | E98: 36203021 | F98: 87 | G98: 89 | H98: =IF(F98>0,G98/F98,"n/a") -> 1.023 | I98: 0 | K98: 30 | L98: 30 | M98: =IF(K98>0,L98/K98,"n/a") -> 1 | N98: =IF(AND(F98>0,K98>0),(H98-M98)*100,"n/a") -> 2.3 | O98: Stable (80%+ both)
A99: BANNU | B99: WAZIR-N | C99: DATTAKHEL | D99: DATTA KHEL 1 | E99: 36404001 | F99: 32 | G99: 8 | H99: =IF(F99>0,G99/F99,"n/a") -> 0.25 | I99: 0 | J99: P2 – Critical (<50%) | K99: 6 | L99: 6 | M99: =IF(K99>0,L99/K99,"n/a") -> 1 | N99: =IF(AND(F99>0,K99>0),(H99-M99)*100,"n/a") -> -75 | O99: Newly declined
A100: BANNU | B100: WAZIR-N | C100: DATTAKHEL | D100: DATTA KHEL 2 | E100: 36404002 | F100: 74 | G100: 92 | H100: =IF(F100>0,G100/F100,"n/a") -> 1.243 | I100: 0 | J100: P3 – Verify: over-entry | K100: 48 | L100: 48 | M100: =IF(K100>0,L100/K100,"n/a") -> 1 | N100: =IF(AND(F100>0,K100>0),(H100-M100)*100,"n/a") -> 24.3 | O100: Stable (80%+ both)
...
